# Blender 5.1.1
# www.blender.org
mtllib myModel.mtl
o Object_2
v -2.748182 5.421331 0.909556
v -2.737290 4.486814 0.106299
v -2.598506 5.462953 0.875948
v 2.650931 5.438132 0.855216
v 2.731805 4.486814 0.106298
v 2.748192 5.421331 0.909556
v 2.744219 5.520329 0.803203
v 2.842084 5.829444 0.510249
v 2.444646 6.512211 1.433068
v -2.444645 6.512211 1.433069
v -2.799858 5.829444 0.510250
v -2.744180 5.520329 0.803204
v 0.060914 1.992061 1.269700
v -0.056000 1.770100 1.367949
v 0.289895 2.056467 1.319435
v 0.266632 2.294749 1.129614
v 0.522242 2.570430 0.925681
v 0.642300 2.197242 1.208331
v 0.745911 2.766579 0.518450
v 0.761144 2.749808 0.610668
v 0.771804 2.844548 0.163234
v 0.289895 2.056467 1.319435
v -0.056000 1.770100 1.367949
v 0.120757 1.972686 1.286970
v 0.314625 2.202731 1.145024
v 0.562821 2.436635 0.987675
v 0.642300 2.197242 1.208331
v 0.765636 2.719812 0.529727
v 0.761144 2.749808 0.610668
v 0.771804 2.844548 0.163234
v 0.771804 2.844548 0.163234
v 0.698311 3.062154 0.158626
v 0.745911 2.766579 0.518450
v 0.653430 3.062154 0.461631
v 0.522242 2.570430 0.925681
v 0.399460 3.062154 0.732459
v 0.266632 2.294749 1.129614
v 0.001925 3.062154 0.785312
v 0.060914 1.992061 1.269700
v -0.056000 1.770100 1.367949
v -0.504824 2.238528 1.006430
v -0.395646 3.062154 0.730755
v -0.598449 2.771158 0.695502
v -0.649581 3.062154 0.461632
v -0.698613 2.878723 0.491408
v -0.694462 3.062154 0.158626
v -0.741563 2.912725 0.162591
v 0.698311 3.062154 0.158626
v 0.771804 2.844548 0.163234
v 0.603273 3.062154 -0.146077
v 0.693894 2.834997 -0.186932
v 0.399459 3.062154 -0.290121
v 0.437502 2.815378 -0.348149
v 0.001925 3.062154 -0.412264
v 0.000000 2.782753 -0.496843
v -0.433883 2.816278 -0.347912
v -0.395610 3.062154 -0.290121
v -0.599424 3.062154 -0.146077
v -0.660096 2.872433 -0.159681
v -0.741563 2.912725 0.162591
v -0.694462 3.062154 0.158626
v -0.620511 2.666312 0.746589
v -0.463741 2.658303 0.941370
v -0.598449 2.771158 0.695502
v -0.520610 2.129147 1.099420
v -0.276571 2.256300 1.229984
v -0.146483 2.465286 1.311636
v -0.056000 1.770100 1.367949
v -0.049784 2.095110 1.299386
v 0.015508 1.905857 1.307858
v -0.408333 0.285117 1.428309
v -0.434212 0.642839 1.565354
v -0.424089 0.624911 1.846162
v -0.408601 0.308024 1.774514
v -0.498216 0.020857 0.848761
v -0.538965 0.011942 1.719873
v -1.583465 0.013905 0.181982
v -1.663993 0.328270 0.181640
v -1.378744 0.013905 -0.614921
v -1.658778 0.642634 0.181298
v -1.193014 1.271364 -0.426250
v -1.588573 1.271363 0.180614
v -0.741563 2.912725 0.162591
v -0.660096 2.872433 -0.159681
v -0.857157 0.013905 -1.221745
v -0.433883 2.816278 -0.347912
v 0.000000 2.782753 -0.496843
v 0.000000 0.013905 -1.450845
v 0.857157 0.013905 -1.221745
v 0.437502 2.815378 -0.348149
v 1.193014 1.271364 -0.426250
v 0.693894 2.834997 -0.186932
v 0.771804 2.844548 0.163234
v 1.588573 1.271364 0.180614
v 1.658778 0.642634 0.181298
v 1.378743 0.013905 -0.614921
v 1.663993 0.328270 0.181640
v 1.583465 0.013905 0.181982
v 1.567103 0.013905 0.528834
v 1.583465 0.013905 0.181982
v 1.782010 0.316839 0.679097
v 1.663993 0.328270 0.181640
v 1.658778 0.642634 0.181298
v 1.725120 0.705981 0.767816
v 1.588573 1.271364 0.180614
v 1.503806 1.064935 0.838406
v 1.376533 1.271363 0.879002
v 0.771804 2.844548 0.163234
v 0.765636 2.719812 0.529727
v 0.916236 1.271363 1.527606
v 0.562821 2.436635 0.987675
v 0.314625 2.202731 1.145024
v 0.120757 1.972686 1.286970
v -0.056000 1.770100 1.367949
v -0.000018 1.278865 1.637607
v -0.520610 2.129147 1.099420
v -0.916254 1.271364 1.527606
v -0.620511 2.666312 0.746589
v 1.438998 1.000237 1.416546
v 1.563108 0.705653 0.732017
v -0.698613 2.878723 0.491408
v -0.598449 2.771158 0.695502
v 1.634965 0.405414 1.717065
v 1.641010 0.398648 0.676147
v 1.522978 0.010243 1.637199
v 1.511893 0.013339 0.501293
v 1.460362 0.871683 1.854099
v 1.030858 1.035539 1.986058
v 0.607768 0.926180 2.095936
v 0.304988 0.995393 1.750589
v 0.242455 0.497562 2.186913
v 0.277874 0.369896 2.194002
v 0.000000 0.342051 2.187917
v -0.000002 0.437751 2.199988
v -0.379116 0.560869 2.142677
v -0.622884 0.925002 2.057165
v -1.030857 1.044050 1.902652
v -1.420464 0.966324 1.563498
v -1.460361 0.871683 1.854100
v -1.629759 0.405145 1.711904
v -1.376533 1.271363 0.879002
v -0.741563 2.912725 0.162591
v -1.588573 1.271363 0.180614
v -1.479383 1.104547 0.846018
v -1.725120 0.705981 0.767211
v -1.583026 0.712721 0.765464
v -1.658778 0.642634 0.181298
v -1.641009 0.398648 0.675727
v -1.522977 0.010243 1.629030
v -1.511833 0.013511 0.538637
v -1.782010 0.316839 0.679097
v -1.663993 0.328270 0.181640
v -1.583465 0.013905 0.181982
v -1.567103 0.013905 0.528834
v 0.538966 0.011942 1.719873
v 1.522978 0.010243 1.637199
v 1.634965 0.405414 1.717065
v 0.408601 0.308024 1.774514
v 1.460362 0.871683 1.854099
v 1.030858 1.035539 1.986058
v 0.424103 0.624891 1.846167
v 0.607768 0.926180 2.095936
v 1.511893 0.013339 0.501293
v 1.567103 0.013905 0.528834
v 1.641010 0.398648 0.676147
v 1.782010 0.316839 0.679097
v 1.563108 0.705653 0.732017
v 1.725120 0.705981 0.767816
v 1.503806 1.064935 0.838406
v -0.424089 0.624911 1.846162
v -0.379116 0.560869 2.142677
v -0.622884 0.925002 2.057165
v 0.000000 0.586017 1.600962
v -0.434212 0.642839 1.565354
v 0.000000 0.342051 2.187917
v -0.498216 0.020857 0.848761
v -0.538965 0.011942 1.719873
v -1.511833 0.013511 0.538637
v -1.522977 0.010243 1.629030
v 0.277874 0.369896 2.194002
v 0.424103 0.624891 1.846167
v 0.607768 0.926180 2.095936
v 0.434253 0.642828 1.565286
v -1.629759 0.405145 1.711904
v -1.522977 0.010243 1.629030
v -0.538965 0.011942 1.719873
v -0.408601 0.308024 1.774514
v -1.460361 0.871683 1.854100
v -0.424089 0.624911 1.846162
v -1.030857 1.044050 1.902652
v -0.622884 0.925002 2.057165
v 0.538966 0.011942 1.719873
v 0.408601 0.308024 1.774514
v 0.498247 0.020857 0.848709
v 0.408333 0.285117 1.428309
v 0.424103 0.624891 1.846167
v 0.434253 0.642828 1.565286
v -1.641009 0.398648 0.675727
v -1.567103 0.013905 0.528834
v -1.511833 0.013511 0.538637
v -1.782010 0.316839 0.679097
v -1.725120 0.705981 0.767211
v -1.583026 0.712721 0.765464
v -1.479383 1.104547 0.846018
v 0.538966 0.011942 1.719873
v 0.498247 0.020857 0.848709
v 1.522978 0.010243 1.637199
v 1.511893 0.013339 0.501293
v -1.567103 0.013905 0.528834
v -1.583465 0.013905 0.181982
v -1.511833 0.013511 0.538637
v -1.378744 0.013905 -0.614921
v -1.168140 0.013577 -0.580024
v -0.857157 0.013905 -1.221745
v 0.000000 0.013905 -1.450845
v 0.000000 0.013905 -1.095371
v 1.567103 0.013905 0.528834
v 1.511893 0.013339 0.501293
v 1.583465 0.013905 0.181982
v 1.378743 0.013905 -0.614921
v 1.168140 0.013577 -0.580024
v 0.000000 0.013905 -1.450845
v 0.857157 0.013905 -1.221745
v 0.000000 0.013905 -1.095371
v 0.434253 0.642828 1.565286
v 0.000000 0.586017 1.600962
v 0.408333 0.285117 1.428309
v 0.000000 0.277765 1.378129
v -0.498216 0.020857 0.848761
v -1.511833 0.013511 0.538637
v -1.168140 0.013577 -0.580024
v 0.000000 0.020857 0.848708
v -0.408333 0.285117 1.428309
v 0.000000 0.013905 -1.095371
v 0.000000 0.277765 1.378129
v 0.408333 0.285117 1.428309
v 1.168140 0.013577 -0.580024
v 0.498247 0.020857 0.848709
v 1.511893 0.013339 0.501293
v -0.434212 0.642839 1.565354
v -0.408333 0.285117 1.428309
v 1.696912 0.011415 1.086203
v 1.523276 1.201119 1.033925
v 1.566362 1.157997 0.865769
v 1.719352 0.419122 1.503132
v 1.578702 1.238628 1.050211
v 2.013190 0.560494 1.569009
v 1.628927 1.253593 0.903346
v 2.411182 0.334408 1.228724
v 2.411182 0.334408 1.228724
v 2.013190 0.560494 1.569009
v 1.719352 0.419122 1.503132
v 1.696912 0.011415 1.086203
v 1.566362 1.157997 0.865769
v 1.621505 1.154585 0.746992
v 1.696912 0.011415 1.086203
v 1.946220 0.297003 0.642535
v 1.704875 1.191528 0.759438
v 2.244120 0.436242 0.692879
v 1.628927 1.253593 0.903346
v 2.411182 0.334408 1.228724
v 1.946220 0.297003 0.642535
v 2.244120 0.436242 0.692879
v 2.411182 0.334408 1.228724
v 1.696912 0.011415 1.086203
v 1.942063 0.863295 -0.347138
v 1.741353 0.496671 -0.188622
v 1.641816 0.708440 -0.182816
v 2.052367 0.701324 -0.367021
v 2.257496 1.025982 -0.212163
v 2.344742 0.910026 -0.234729
v 2.257981 1.026233 0.480114
v 2.344742 0.911000 0.503543
v 1.944848 0.864731 0.575094
v 2.052367 0.701676 0.593602
v 1.650642 0.712992 0.472976
v 1.749681 0.496840 0.484248
v 1.741353 0.496671 -0.188622
v 1.641816 0.708440 -0.182816
v 1.020076 2.217150 -0.180943
v 1.487571 1.036600 -0.173818
v 0.950774 2.178651 -0.142505
v 1.735551 1.166541 -0.309912
v 2.034052 1.322956 -0.154369
v 1.269509 2.339088 0.043378
v 1.269127 2.339595 0.213079
v 2.034425 1.323152 0.419744
v 1.044451 2.230202 0.420106
v 1.743192 1.170545 0.540383
v 0.974071 2.189603 0.395974
v 1.499503 1.042852 0.455775
v 0.950774 2.178651 -0.142505
v 1.487571 1.036600 -0.173818
v 1.735551 1.166541 -0.309912
v 1.641816 0.708440 -0.182816
v 1.487571 1.036600 -0.173818
v 1.942063 0.863295 -0.347138
v 2.034052 1.322956 -0.154369
v 2.257496 1.025982 -0.212163
v 2.034425 1.323152 0.419744
v 2.257981 1.026233 0.480114
v 1.650642 0.712992 0.472976
v 1.487571 1.036600 -0.173818
v 1.641816 0.708440 -0.182816
v 1.499503 1.042852 0.455775
v 1.944848 0.864731 0.575094
v 1.743192 1.170545 0.540383
v 2.257981 1.026233 0.480114
v 2.034425 1.323152 0.419744
v -1.641816 0.708440 -0.182816
v -1.741353 0.496671 -0.188622
v -1.942063 0.863295 -0.347137
v -2.052367 0.701324 -0.367020
v -2.257496 1.025982 -0.212162
v -2.344742 0.910026 -0.234728
v -2.257981 1.026233 0.480115
v -2.344742 0.911000 0.503544
v -1.944848 0.864731 0.575095
v -2.052367 0.701676 0.593602
v -1.650642 0.712992 0.472977
v -1.749681 0.496840 0.484249
v -1.741353 0.496671 -0.188622
v -1.641816 0.708440 -0.182816
v -0.950774 2.178651 -0.142505
v -1.487571 1.036600 -0.173818
v -1.020076 2.217150 -0.180943
v -1.735551 1.166541 -0.309912
v -2.034052 1.322956 -0.154369
v -1.269509 2.339088 0.043378
v -1.269127 2.339595 0.213079
v -2.034425 1.323152 0.419745
v -1.044451 2.230202 0.420106
v -1.743192 1.170545 0.540383
v -0.974071 2.189603 0.395974
v -1.499503 1.042852 0.455775
v -0.950774 2.178651 -0.142505
v -1.487571 1.036600 -0.173818
v -1.487571 1.036600 -0.173818
v -1.641816 0.708440 -0.182816
v -1.735551 1.166541 -0.309912
v -1.942063 0.863295 -0.347137
v -2.034052 1.322956 -0.154369
v -2.257496 1.025982 -0.212162
v -2.034425 1.323152 0.419745
v -2.257981 1.026233 0.480115
v -1.641816 0.708440 -0.182816
v -1.487571 1.036600 -0.173818
v -1.650642 0.712992 0.472977
v -1.499503 1.042852 0.455775
v -1.944848 0.864731 0.575095
v -1.743192 1.170545 0.540383
v -2.257981 1.026233 0.480115
v -2.034425 1.323152 0.419745
v 1.427638 1.438173 0.553665
v 1.299287 1.373804 1.069949
v 1.693691 1.559302 0.634909
v 1.565339 1.494933 1.151193
v 1.299287 1.373804 1.069949
v 1.440441 1.128113 1.109004
v 1.565339 1.494933 1.151193
v 1.643101 1.220381 1.170891
v 1.803255 1.184247 0.700303
v 1.693691 1.559302 0.634909
v 1.643101 1.220381 1.170891
v 1.565339 1.494933 1.151193
v 1.693691 1.559302 0.634909
v 1.803255 1.184247 0.700303
v 1.427638 1.438173 0.553665
v 1.600595 1.091979 0.638417
v 1.440441 1.128113 1.109004
v 1.299287 1.373804 1.069949
v 1.600595 1.091979 0.638417
v 1.427638 1.438173 0.553665
v 1.643101 1.220381 1.170891
v 1.440441 1.128113 1.109004
v 1.803255 1.184247 0.700303
v 1.600595 1.091979 0.638417
v -0.988125 2.705018 0.133636
v -0.747177 2.607300 -0.198903
v -0.795500 2.470228 -0.227321
v -0.888611 2.773751 0.132888
v -0.852455 2.513846 0.578136
v -0.797761 2.643502 0.546868
v -0.317493 7.053719 -2.212405
v -0.240508 7.291510 -2.133631
v -0.039363 7.278515 -2.198250
v -0.353995 7.376595 -1.977886
v -0.552362 7.229815 -1.892277
v -0.400581 7.102295 -1.769958
v -0.313344 7.483935 -1.819638
v -0.364196 7.261133 -1.536660
v -0.468233 7.451962 -1.569904
v -0.142369 7.550648 -1.750562
v -0.114386 7.590028 -1.429505
v -0.048635 7.366289 -1.414251
v 0.240170 7.563136 -1.483165
v 0.223742 7.356163 -1.444190
v 0.419270 7.204392 -1.678037
v -2.401951 3.099770 -4.437488
v -2.349255 2.476230 -3.719092
v -2.461704 2.473470 -4.160212
v -2.699704 2.247297 -3.913505
v -2.623758 2.215386 -3.670855
v -3.130555 2.116476 -3.628802
v -2.725376 2.318278 -3.588151
v -2.509440 2.584131 -3.567049
v -2.465561 3.110795 -3.527067
v 0.009301 1.972892 -3.355467
v 0.325296 1.782557 -3.275345
v -0.029399 1.916557 -3.557523
v -0.689115 2.684987 -3.871944
v -0.383114 2.479362 -3.436961
v -0.644851 2.997581 -3.481569
v -1.086469 3.833490 -4.003924
v -0.805714 3.822467 -3.372982
v -1.204982 4.670050 -3.970654
v -0.759394 4.687973 -3.391131
v -0.959532 4.664559 -3.124487
v -0.211902 5.895153 -3.126373
v -1.041844 6.307638 -2.249697
v 0.283642 6.962801 -2.678443
v -0.369798 6.951458 -2.119555
v 0.309104 7.267060 -2.260162
v -0.154000 7.212790 -2.029287
v 0.233355 7.215196 -1.859300
v -0.108791 7.178900 -1.750337
v 0.168629 7.453482 -1.660173
v 0.161940 7.603640 -2.531712
v -0.096259 7.190598 -3.116412
v -0.739587 6.173100 -3.709451
v -1.535870 4.636365 -4.310343
v -1.304039 3.789118 -3.807479
v -1.621215 2.830559 -4.165910
v -1.268601 2.886324 -3.459291
v -1.289530 3.739730 -3.370763
v -1.083337 1.966846 -3.359578
v -0.005297 7.868816 -1.919958
v -0.114201 7.440758 -1.579938
v -1.269376 1.783347 -3.747448
v -0.796634 1.362139 -3.094809
v -0.831106 1.206120 -3.321204
v -0.192044 0.811352 -2.608889
v -0.970176 1.095148 -3.318648
v -1.634243 1.706578 -3.840684
v -2.160498 2.462089 -4.231651
v -2.401951 3.099770 -4.437488
v -2.408407 3.928501 -4.514110
v -2.630992 2.961603 -3.905751
v -2.717135 4.181022 -3.807693
v -2.535544 4.028308 -3.320216
v -2.465561 3.110795 -3.527067
v -2.424453 5.183216 -2.999166
v -2.331972 4.642843 -4.466570
v -2.071598 4.769875 -4.412554
v -2.201262 5.120559 -4.491237
v -2.479759 4.846968 -4.258571
v -2.589620 5.376377 -3.670013
v -2.288978 6.106845 -2.663137
v -2.336649 6.346098 -3.495760
v -1.511790 6.421591 -3.951800
v -1.984107 6.866354 -2.300206
v -1.540045 6.557746 -2.325589
v -1.016776 7.096343 -2.073468
v -1.897940 7.132587 -3.250542
v -1.556911 7.398798 -2.100990
v -0.514480 7.351102 -1.880070
v -0.826282 7.486850 -3.318776
v -0.463078 7.899284 -2.794184
v -1.467814 7.611154 -2.923586
v -0.216912 8.027085 -2.396231
v -0.627977 7.893518 -2.101818
v -0.108791 7.178900 -1.750337
v -0.774673 7.674129 -1.894801
v -0.029399 1.916557 -3.557523
v 0.325296 1.782557 -3.275345
v -0.056891 1.876536 -3.407153
v -0.670292 2.298442 -3.546286
v -0.689115 2.684987 -3.871944
v -1.073621 2.916109 -3.542439
v -1.086469 3.833490 -4.003924
v -1.304039 3.789118 -3.807479
v -1.204982 4.670050 -3.970654
v 0.325296 1.782557 -3.275345
v 0.009301 1.972892 -3.355467
v -0.056891 1.876536 -3.407153
v -0.520912 2.474150 -3.414572
v -0.383114 2.479362 -3.436961
v -0.644851 2.997581 -3.481569
v -0.916613 2.977776 -3.448012
v -0.805714 3.822467 -3.372982
v -1.289530 3.739730 -3.370763
v -0.959532 4.664559 -3.124487
v -1.304039 3.789118 -3.807479
v -1.073621 2.916109 -3.542439
v -1.289530 3.739730 -3.370763
v -0.916613 2.977776 -3.448012
v -0.670292 2.298442 -3.546286
v -0.520912 2.474150 -3.414572
v -0.056891 1.876536 -3.407153
v -1.540045 6.557746 -2.325589
v -2.288978 6.106845 -2.663137
v -1.041844 6.307638 -2.249697
v -1.682410 5.349465 -2.635387
v -2.424453 5.183216 -2.999166
v -2.535544 4.028308 -3.320216
v -0.369798 6.951458 -2.119555
v -1.540045 6.557746 -2.325589
v -1.041844 6.307638 -2.249697
v -1.016776 7.096343 -2.073468
v -0.154000 7.212790 -2.029287
v -0.514480 7.351102 -1.880070
v -0.108791 7.178900 -1.750337
v -0.192044 0.811352 -2.608889
v -1.055803 1.066658 -3.144189
v -0.970176 1.095148 -3.318648
v -1.866036 1.653348 -3.498266
v -1.634243 1.706578 -3.840684
v -2.160498 2.462089 -4.231651
v -2.349255 2.476230 -3.719092
v -2.401951 3.099770 -4.437488
v -2.401951 3.099770 -4.437488
v -2.461704 2.473470 -4.160212
v -2.630992 2.961603 -3.905751
v -2.768321 2.459152 -3.765626
v -2.699704 2.247297 -3.913505
v -3.130555 2.116476 -3.628802
v -2.725376 2.318278 -3.588151
v -2.509440 2.584131 -3.567049
v -2.465561 3.110795 -3.527067
v -2.331972 4.642843 -4.466570
v -2.282382 4.635429 -4.675779
v -2.071598 4.769875 -4.412554
v -2.370701 4.580884 -4.669626
v -2.396713 4.584370 -5.123754
v -2.479759 4.846968 -4.258571
v -2.460671 4.653080 -4.703319
v 2.459477 4.646262 1.180699
v 2.544468 4.636031 1.198503
v 2.465643 4.024500 1.170460
v 2.610023 5.613876 1.250834
v 1.866913 5.718253 1.989305
v 2.053195 5.124279 1.925600
v 2.318987 5.769824 1.825280
v 2.460628 5.183266 1.762912
v 2.610023 5.613876 1.250834
v 2.544468 4.636031 1.198503
v 2.494101 4.283143 1.713549
v 2.084759 4.604037 1.892098
v 2.465643 4.024500 1.170460
v 2.042672 3.926432 1.845472
v 2.444700 3.450595 1.707744
v 2.356150 3.470960 1.202841
v 1.998168 3.462091 1.858371
v 2.343967 2.866708 1.678728
v 2.225205 2.870036 1.298805
v 2.113650 2.918597 1.868443
v 1.863241 2.991433 1.915954
v 2.117133 2.220701 1.756786
v 2.120589 2.449352 1.394484
v 1.962423 1.993585 1.561407
v 1.883077 2.513026 1.853782
v 1.850458 2.601706 1.986773
v 1.701658 2.695374 1.978729
v 1.774148 2.042233 1.942944
v 1.603409 2.296876 2.006586
v 1.806433 1.573303 1.959310
v 1.756346 1.570127 1.817762
v 1.640428 1.616486 2.048136
v 1.454706 1.173028 2.173388
v 1.569411 2.362068 2.097234
v 1.473543 2.430629 2.073718
v 1.143331 2.120806 2.232033
v 1.756346 1.570127 1.817762
v 1.454706 1.173028 2.173388
v 1.640428 1.616486 2.048136
v 1.962423 1.993585 1.561407
v 1.774148 2.042233 1.942944
v 2.120589 2.449352 1.394484
v 1.883077 2.513026 1.853782
v 2.225205 2.870036 1.298805
v 1.863241 2.991433 1.915954
v 2.356150 3.470960 1.202841
v 1.701658 2.695374 1.978729
v 1.473543 2.430629 2.073718
v 1.603409 2.296876 2.006586
v 1.143331 2.120806 2.232033
v 1.998168 3.462091 1.858371
v 2.369010 4.024294 1.308282
v 2.042672 3.926432 1.845472
v 2.465643 4.024500 1.170460
v 2.459477 4.646262 1.180699
v -2.860650 6.462650 1.620639
v -2.444645 6.512211 1.433069
v -2.744180 5.520329 0.803204
v -1.663350 7.083272 1.786025
v -2.778967 7.074451 2.116465
v -2.453125 7.760430 2.702677
v -1.563950 8.384646 3.218949
v -0.540410 7.473618 1.880083
v -0.551624 8.679980 3.464067
v -0.540410 7.473618 1.880083
v -0.551624 8.679980 3.464067
v 0.540410 7.473618 1.880083
v 0.551624 8.679980 3.464067
v 1.663350 7.083272 1.786024
v 1.563951 8.384646 3.218949
v 2.453125 7.760430 2.702677
v 2.778968 7.074451 2.116464
v 2.444646 6.512211 1.433068
v 2.860651 6.462650 1.620638
v 2.744219 5.520329 0.803203
v -2.744180 5.520329 0.803204
v -2.748182 5.421331 0.909556
v -2.860650 6.462650 1.620639
v -2.842142 6.373196 1.711249
v -2.765677 6.978961 2.220667
v -2.778967 7.074451 2.116465
v -2.443321 7.667603 2.791364
v -2.453125 7.760430 2.702677
v -1.555974 8.289470 3.305289
v -1.563950 8.384646 3.218949
v -0.547946 8.583304 3.548966
v -0.551624 8.679980 3.464067
v 0.547946 8.583304 3.548966
v -0.551624 8.679980 3.464067
v -0.547946 8.583304 3.548966
v 0.551624 8.679980 3.464067
v 1.563951 8.384646 3.218949
v 1.555974 8.289470 3.305289
v 2.453125 7.760430 2.702677
v 2.443321 7.667603 2.791364
v 2.778968 7.074451 2.116464
v 2.765677 6.978961 2.220666
v 2.860651 6.462650 1.620638
v 2.842142 6.373196 1.711248
v 2.748192 5.421331 0.909556
v 2.744219 5.520329 0.803203
v -0.590666 8.041233 -0.058668
v 0.596935 7.827619 -0.461464
v -0.596935 7.827619 -0.460729
v 0.590666 8.041234 -0.059159
v 1.694833 7.378901 -0.283121
v 1.761008 7.357487 0.529783
v 2.551316 6.612047 0.066024
v 2.444646 6.512211 1.433068
v 2.842084 5.829444 0.510249
v -1.760982 7.357487 0.529784
v -2.444645 6.512211 1.433069
v -1.663350 7.083272 1.786025
v -0.565538 7.917535 0.967217
v -0.540410 7.473618 1.880083
v -0.590666 8.041233 -0.058668
v -2.799858 5.829444 0.510250
v -2.551160 6.612047 0.066047
v -2.428189 6.280683 -1.133321
v -1.694768 7.378901 -0.282941
v -1.652136 7.305727 -0.895523
v -0.596935 7.827619 -0.460729
v -0.569331 7.686527 -0.997756
v 0.596935 7.827619 -0.461464
v -1.406240 7.167743 -1.507377
v 0.569331 7.686527 -0.998300
v 1.652153 7.305727 -0.897030
v 1.694833 7.378901 -0.283121
v 1.406153 7.167743 -1.501789
v 2.428189 6.280683 -1.137535
v 2.551316 6.612047 0.066024
v 2.842084 5.829444 0.510249
v -1.810318 6.292490 -1.944272
v -0.710987 6.227513 -2.452216
v 1.810225 6.292490 -1.945382
v 0.710987 6.227513 -2.454690
v -1.986132 5.164474 -2.077609
v -2.679504 4.982864 -1.167937
v -2.509286 4.259593 -1.102005
v -0.669644 5.212051 -2.669791
v 1.986026 5.164474 -2.076673
v 2.679500 4.982864 -1.168137
v 2.509287 4.259593 -1.102092
v 0.669643 5.212051 -2.676212
v -0.627649 4.255741 -2.484896
v -1.947034 4.210826 -1.873748
v 0.627649 4.255741 -2.485607
v 1.947034 4.210826 -1.873723
v -1.801888 3.703945 -1.472765
v -2.039198 3.492469 -0.706276
v -0.650688 3.110155 -1.147656
v -0.709573 3.527411 -1.853783
v 0.709573 3.527411 -1.853800
v 0.650688 3.110155 -1.147656
v 1.801888 3.703945 -1.472762
v 2.039198 3.492469 -0.706295
v -2.039198 3.492469 -0.706276
v -0.650688 3.110155 -1.147656
v -1.392968 3.056004 -0.321022
v -1.964048 3.329879 -0.087006
v -1.392968 3.056004 -0.321022
v -0.650688 3.110155 -1.147656
v -0.397535 2.961633 -0.444846
v 0.650688 3.110155 -1.147656
v 0.397535 2.961633 -0.444846
v 1.392968 3.056004 -0.321022
v -2.459477 4.646262 1.180699
v -2.602381 4.678253 0.659553
v -2.492403 4.340899 0.884665
v -2.454221 5.613876 1.250835
v -2.598506 5.462953 0.875948
v -2.737290 4.486814 0.106299
v -2.571425 4.279212 0.423772
v -2.394944 3.736959 0.244430
v -2.507691 4.013577 0.517683
v -2.552943 4.075147 -0.272591
v -2.039198 3.492469 -0.706276
v -1.964048 3.329879 -0.087006
v -2.598506 5.462953 0.875948
v -2.454221 5.613876 1.250835
v -2.233363 6.060904 1.348890
v -2.101553 5.566475 1.971318
v -2.172503 5.015781 1.970949
v -2.539659 4.649350 1.188573
v -2.249485 3.899331 1.868784
v -2.502815 3.896674 1.199752
v -1.782529 3.901863 2.028973
v -1.903889 6.218306 1.907792
v -1.604666 6.709045 1.659608
v -1.187301 6.589610 2.122159
v -0.526720 7.031177 1.842854
v -1.402408 6.201202 2.149476
v -1.471359 5.324462 2.209364
v -0.522915 6.673389 2.128427
v 0.522915 6.673389 2.128427
v 0.526721 7.031177 1.842854
v 1.604666 6.709045 1.659608
v -0.519947 5.733642 2.433136
v -1.686512 4.582682 2.093350
v -1.384511 4.565070 2.214242
v -1.382084 3.868514 2.278067
v -1.362238 3.349261 2.121703
v -2.262493 3.565696 1.343698
v -1.980023 3.452566 1.722522
v -1.337313 2.995620 1.526778
v -1.898784 3.169273 1.159785
v -0.561449 2.898457 1.733407
v -0.538074 3.310005 2.273089
v 0.561449 2.898457 1.733407
v -0.532026 3.857792 2.434751
v -0.527817 4.566243 2.362679
v 0.519948 5.733642 2.433136
v 0.527817 4.566243 2.362679
v 0.532027 3.857792 2.434751
v 0.538074 3.310005 2.273089
v 1.384511 4.565070 2.214242
v 1.351514 5.720347 2.286086
v 1.362238 3.349261 2.121703
v 1.337313 2.995620 1.526778
v 1.980024 3.452566 1.722522
v 2.042672 3.926432 1.845472
v 1.382085 3.868514 2.278067
v 2.084759 4.604037 1.892098
v 2.053195 5.124279 1.925600
v 1.866913 5.718253 1.989305
v 1.620982 6.453915 1.975364
v 2.318987 5.769824 1.825280
v 2.023241 6.346262 1.778156
v 2.453089 5.979248 1.332215
v 2.610023 5.613876 1.250834
v 2.650931 5.438132 0.855216
v -2.737290 4.486814 0.106299
v -2.748182 5.421331 0.909556
v -2.744180 5.520329 0.803204
v -2.799858 5.829444 0.510250
v -2.798098 5.414729 -0.474333
v -2.428189 6.280683 -1.133321
v -2.679504 4.982864 -1.167937
v -2.788170 4.539463 -0.524448
v -2.552943 4.075147 -0.272591
v -2.509286 4.259593 -1.102005
v -2.039198 3.492469 -0.706276
v 1.663350 7.083272 1.786024
v 2.444646 6.512211 1.433068
v 1.761008 7.357487 0.529783
v 0.565538 7.917535 0.966971
v 0.540410 7.473618 1.880083
v -0.540410 7.473618 1.880083
v 0.590666 8.041234 -0.059159
v -0.565538 7.917535 0.967217
v -0.590666 8.041233 -0.058668
v 2.039198 3.492469 -0.706295
v 2.394944 3.736959 0.244429
v 1.964048 3.329879 -0.087006
v 2.549761 4.075147 -0.272592
v 2.731805 4.486814 0.106298
v 2.507691 4.013577 0.517683
v 2.571425 4.279212 0.423772
v 2.602381 4.678253 0.659552
v 2.650931 5.438132 0.855216
v 2.610023 5.613876 1.250834
v 2.459477 4.646262 1.180699
v 2.492403 4.340899 0.884664
v 1.392968 3.056004 -0.321022
v 2.039198 3.492469 -0.706295
v 1.964048 3.329879 -0.087006
v 0.650688 3.110155 -1.147656
v 2.453089 5.979248 1.332215
v 2.650931 5.438132 0.855216
v 2.748192 5.421331 0.909556
v 2.842142 6.373196 1.711248
v 2.765677 6.978961 2.220666
v 1.604666 6.709045 1.659608
v 2.443321 7.667603 2.791364
v 1.555974 8.289470 3.305289
v 0.526721 7.031177 1.842854
v 0.547946 8.583304 3.548966
v -0.526720 7.031177 1.842854
v -0.547946 8.583304 3.548966
v -1.604666 6.709045 1.659608
v -1.555974 8.289470 3.305289
v -2.443321 7.667603 2.791364
v -2.765677 6.978961 2.220667
v -2.842142 6.373196 1.711249
v -2.233363 6.060904 1.348890
v -2.748182 5.421331 0.909556
v -2.598506 5.462953 0.875948
v 2.744219 5.520329 0.803203
v 2.748192 5.421331 0.909556
v 2.731805 4.486814 0.106298
v 2.842084 5.829444 0.510249
v 2.889678 5.414729 -0.474728
v 2.428189 6.280683 -1.137535
v 2.679500 4.982864 -1.168137
v 2.788199 4.539463 -0.524499
v 2.549761 4.075147 -0.272592
v 2.509287 4.259593 -1.102092
v 2.039198 3.492469 -0.706295
v -2.507691 4.013577 0.517683
v -2.394944 3.736959 0.244430
v -2.456573 3.805108 0.723094
v -2.168993 3.426707 0.885017
v -1.964048 3.329879 -0.087006
v -1.568364 3.066683 0.508498
v -1.392968 3.056004 -0.321022
v -1.898784 3.169273 1.159785
v -1.337313 2.995620 1.526778
v -0.397535 2.961633 -0.444846
v -0.563079 2.898456 0.453010
v -0.561449 2.898457 1.733407
v 0.561449 2.898457 1.733407
v 0.563079 2.898456 0.453010
v 0.397535 2.961633 -0.444846
v 0.563079 2.898456 0.453010
v 1.337313 2.995620 1.526778
v 0.561449 2.898457 1.733407
v 1.568364 3.066683 0.508498
v 1.898744 3.169267 1.159754
v 0.397535 2.961633 -0.444846
v 1.392968 3.056004 -0.321022
v 1.964048 3.329879 -0.087006
v 2.168993 3.426705 0.885017
v 2.394944 3.736959 0.244429
v 2.456573 3.805108 0.723094
v 2.507691 4.013577 0.517683
v -2.456573 3.805108 0.723094
v -2.737045 3.956322 0.511874
v -2.507691 4.013577 0.517683
v -2.928709 4.265261 0.365147
v -2.571425 4.279212 0.423772
v -2.921337 4.535428 0.364215
v -2.758596 4.710557 0.494106
v -2.602381 4.678253 0.659553
v -2.262493 3.565696 1.343698
v -2.502815 3.896674 1.199752
v -2.369009 4.024294 1.308284
v -2.459477 4.646262 1.180699
v -2.539659 4.649350 1.188573
v -2.454221 5.613876 1.250835
v -2.262493 3.565696 1.343698
v -1.898784 3.169273 1.159785
v -1.980023 3.452566 1.722522
v -2.168993 3.426707 0.885017
v -2.456573 3.805108 0.723094
v -2.369009 4.024294 1.308284
v -2.492403 4.340899 0.884665
v -2.459477 4.646262 1.180699
v 2.507691 4.013577 0.517683
v 2.737045 3.956322 0.511874
v 2.456573 3.805108 0.723094
v 2.928709 4.265261 0.365147
v 2.571425 4.279212 0.423772
v 2.921337 4.535428 0.364215
v 2.758596 4.710557 0.494106
v 2.602381 4.678253 0.659552
v 2.369010 4.024294 1.308282
v 2.492403 4.340899 0.884664
v 2.459477 4.646262 1.180699
v 2.456573 3.805108 0.723094
v 2.650936 4.256994 0.612899
v 2.602381 4.678253 0.659552
v 2.758596 4.710557 0.494106
v 2.921337 4.535428 0.364215
v 2.928709 4.265261 0.365147
v 2.737045 3.956322 0.511874
v 2.262493 3.565696 1.343698
v 2.168993 3.426705 0.885017
v 1.898744 3.169267 1.159754
v 1.980024 3.452566 1.722522
v 2.042672 3.926432 1.845472
v 1.337313 2.995620 1.526778
v -2.332988 3.105910 1.251831
v -2.249485 3.899331 1.868784
v -2.502815 3.896674 1.199752
v -2.141888 3.120394 1.872204
v -1.782529 3.901863 2.028973
v -2.088354 2.323528 1.442896
v -1.748050 3.180149 2.001762
v -1.785559 2.045717 1.959309
v -1.711521 1.657789 1.758201
v -1.640264 2.437643 1.999039
v -1.203399 1.173028 2.173389
v -1.459172 1.762972 2.060905
v -1.459172 1.762972 2.060905
v -1.203399 1.173028 2.173389
v -1.711521 1.657789 1.758201
v -1.640264 2.437643 1.999039
v -2.088354 2.323528 1.442896
v -1.748050 3.180149 2.001762
v -2.332988 3.105910 1.251831
v -2.262493 3.565696 1.343698
v -2.502815 3.896674 1.199752
v -1.782529 3.901863 2.028973
v -0.590666 8.041233 -0.058668
v -0.596935 7.827619 -0.460729
v -1.694768 7.378901 -0.282941
v -1.760982 7.357487 0.529784
v -2.551160 6.612047 0.066047
v -2.444645 6.512211 1.433069
v -2.799858 5.829444 0.510250
v -1.682410 5.349465 -2.635387
v -2.535544 4.028308 -3.320216
v -1.896443 4.214494 -2.933153
v -1.903178 2.793533 -3.155258
v -2.465561 3.110795 -3.527067
v -2.349255 2.476230 -3.719092
v -1.472743 1.850539 -3.124589
v -1.866036 1.653348 -3.498266
v -0.963971 1.231786 -2.955636
v 0.525227 0.039652 0.848709
v 1.511009 0.035116 0.852442
v 0.720737 0.020857 2.604135
v 1.468734 0.020857 2.604625
v 1.592368 0.371518 2.632702
v 1.582929 0.432152 1.012213
v 1.467748 0.792795 2.661805
v 1.403405 0.882547 1.331486
v 1.094187 0.926537 2.666475
v 0.991657 1.035439 1.560905
v 0.720585 0.766499 2.661834
v 0.592766 0.920678 1.682644
v 0.595810 0.373414 2.632800
v 0.449107 0.634382 1.708715
v 0.408333 0.285117 1.428309
v 0.720737 0.020857 2.604135
v 0.525227 0.039652 0.848709
v 1.346301 0.020857 2.773140
v 1.468734 0.020857 2.604625
v 1.592368 0.371518 2.632702
v 1.413324 0.374184 2.817117
v 1.308771 0.662831 2.839337
v 1.467748 0.792795 2.661805
v 1.094187 0.926537 2.666475
v 1.094187 0.735922 2.842340
v 0.879578 0.662849 2.839333
v 0.720585 0.766499 2.661834
v 0.720585 0.766499 2.661834
v 0.775016 0.374171 2.817110
v 0.879578 0.662849 2.839333
v 0.595810 0.373414 2.632800
v 0.842410 0.020857 2.773140
v 0.720737 0.020857 2.604135
v 1.346301 0.020857 2.773140
v 1.468734 0.020857 2.604625
v -0.525192 0.039629 0.848709
v -0.720737 0.020857 2.604135
v -1.511008 0.035116 0.852442
v -1.468734 0.020857 2.604625
v -1.582929 0.432152 1.012213
v -1.592368 0.383202 2.632702
v -1.403405 0.882547 1.331486
v -1.467747 0.792795 2.661805
v -0.991657 1.035439 1.560906
v -1.094186 0.926537 2.666475
v -0.592766 0.920678 1.682644
v -0.720584 0.766499 2.661834
v -0.449107 0.630765 1.708715
v -0.595810 0.383202 2.632800
v -0.434342 0.285117 1.428309
v -0.720737 0.020857 2.604135
v -0.525192 0.039629 0.848709
v -1.467747 0.792795 2.661805
v -1.592368 0.383202 2.632702
v -1.308771 0.662831 2.839338
v -1.413324 0.364847 2.817117
v -1.346301 0.020857 2.773140
v -1.468734 0.020857 2.604625
v -0.720737 0.020857 2.604135
v -0.842409 0.020857 2.773140
v -1.308771 0.662831 2.839338
v -1.094186 0.926537 2.666475
v -1.467747 0.792795 2.661805
v -1.094186 0.735922 2.842340
v -0.879577 0.662849 2.839333
v -0.720584 0.766499 2.661834
v -0.775015 0.363892 2.817110
v -0.595810 0.383202 2.632800
v -0.842409 0.020857 2.773140
v -0.720737 0.020857 2.604135
v 1.268715 2.241404 -0.173523
v 1.416068 2.306148 0.007839
v 1.457005 1.993064 -0.225732
v 1.628560 2.085590 -0.036059
v 1.621808 2.078521 0.321396
v 1.408835 2.298812 0.272834
v 1.463338 1.996213 0.455673
v 1.272570 2.232098 0.417402
v 0.721057 2.737456 0.149340
v 0.757502 2.615567 0.388889
v 0.936793 2.707977 0.135513
v 1.916155 1.781039 0.368800
v 1.914043 1.779823 -0.090082
v 1.483902 1.550760 0.607662
v 1.210144 1.393027 0.502010
v 0.757502 2.615567 -0.151448
v 1.914043 1.779823 -0.090082
v 1.479920 1.548466 -0.345503
v 1.206367 1.390851 -0.230266
v 1.206367 1.390851 -0.230266
v 1.483902 1.550760 0.607662
v 1.210144 1.393027 0.502010
v 1.479920 1.548466 -0.345503
v 1.916155 1.781039 0.368800
v 1.914043 1.779823 -0.090082
v -0.936793 2.708040 0.135513
v -0.757502 2.615567 0.388890
v -0.721483 2.737422 0.149298
v -1.916155 1.781039 0.368801
v -1.914043 1.779823 -0.090082
v -1.483902 1.550760 0.607662
v -1.210144 1.393027 0.502010
v -0.757502 2.615567 -0.125946
v -1.914043 1.779823 -0.090082
v -1.479920 1.548466 -0.345503
v -1.206367 1.390851 -0.230266
v -1.210144 1.393027 0.502010
v -1.483902 1.550760 0.607662
v -1.206367 1.390851 -0.230266
v -1.479920 1.548466 -0.345503
v -1.916155 1.781039 0.368801
v -1.914043 1.779823 -0.090082
v -0.795500 2.470228 -0.227321
v -0.747177 2.607300 -0.198903
v -0.988125 2.705018 0.133636
v -0.888611 2.773751 0.132888
v -0.852455 2.513846 0.578136
v -0.797761 2.643502 0.546868
v 1.347716 0.931388 2.680610
v 1.347716 0.964968 2.368483
v 0.840657 0.931388 2.680610
v 0.840657 0.964968 2.368483
v 0.840657 0.964968 2.368483
v 1.347716 0.964968 2.368483
v 0.840657 0.931388 2.680610
v 1.347716 0.931388 2.680610
v -0.840657 0.964968 2.368483
v -1.347716 0.964968 2.368483
v -0.840656 0.931388 2.680610
v -1.347716 0.931388 2.680611
v -1.347716 0.931388 2.680611
v -1.347716 0.964968 2.368483
v -0.840656 0.931388 2.680610
v -0.840657 0.964968 2.368483
v -0.262468 6.964567 -1.998170
v -0.400581 7.102295 -1.769958
v -0.317493 7.053719 -2.212405
v 0.098793 7.026827 -2.283539
v 0.040388 6.898490 -2.034430
v -0.039363 7.278515 -2.198250
v 0.350724 7.063371 -1.910534
v 0.390910 7.164896 -2.089418
v 0.131611 7.345227 -2.091278
v 0.419270 7.204392 -1.678037
v 0.475040 7.387042 -1.744941
v 0.172262 7.452566 -1.921228
v 0.240170 7.563136 -1.483165
v 0.058776 7.537652 -1.792743
v -0.142369 7.550648 -1.750562
v -1.866036 1.653348 -3.498266
v -1.055803 1.066658 -3.144189
v -0.963971 1.231786 -2.955636
v -0.192044 0.811352 -2.608889
v -0.880454 1.332572 -2.925973
v -0.796634 1.362139 -3.094809
v -1.472743 1.850539 -3.124589
v -1.083337 1.966846 -3.359578
v -1.314047 1.922490 -3.067834
v -1.903178 2.793533 -3.155258
v -1.268601 2.886324 -3.459291
v -1.604743 2.912852 -3.126914
v -1.564043 4.195815 -2.903202
v -1.896443 4.214494 -2.933153
v -1.289530 3.739730 -3.370763
v -1.682410 5.349465 -2.635387
v -0.959532 4.664559 -3.124487
v -1.041844 6.307638 -2.249697
v -0.611181 7.197787 -1.799044
v -1.406240 7.167743 -1.507377
v -0.569331 7.686527 -0.997756
v -0.710987 6.227513 -2.452216
v 0.569331 7.686527 -0.998300
v 0.611180 7.197787 -1.790208
v 0.710987 6.227513 -2.454690
v 1.406153 7.167743 -1.501789
v -2.650936 4.256994 0.612900
v -2.737045 3.956322 0.511874
v -2.928709 4.265261 0.365147
v -2.921337 4.535428 0.364215
v -2.492403 4.340899 0.884665
v -2.758596 4.710557 0.494106
v -2.602381 4.678253 0.659553
v -2.201262 5.120559 -4.491237
v -2.334476 4.835896 -4.771152
v -2.479759 4.846968 -4.258571
v -2.071598 4.769875 -4.412554
v -2.460671 4.653080 -4.703319
v -2.282382 4.635429 -4.675779
v -2.396713 4.584370 -5.123754
v -0.146483 2.465286 1.311636
v -0.244515 2.251101 1.116507
v -0.463741 2.658303 0.941370
v -0.049784 2.095110 1.299386
v -0.598449 2.771158 0.695502
v 0.015508 1.905857 1.307858
v -0.504824 2.238528 1.006430
v -0.056000 1.770100 1.367949
v -1.093966 0.455793 2.881763
v -1.308771 0.662831 2.839338
v -1.413324 0.364847 2.817117
v -1.094186 0.735922 2.842340
v -1.346301 0.020857 2.773140
v -0.879577 0.662849 2.839333
v -0.842409 0.020857 2.773140
v -0.775015 0.363892 2.817110
v 1.413324 0.374184 2.817117
v 1.308771 0.662831 2.839337
v 1.093967 0.467477 2.881763
v 1.094187 0.735922 2.842340
v 1.346301 0.020857 2.773140
v 0.879578 0.662849 2.839333
v 0.842410 0.020857 2.773140
v 0.775016 0.374171 2.817110
v -1.749681 0.496840 0.484249
v -1.954910 0.303387 -0.129115
v -1.741353 0.496671 -0.188622
v -2.052367 0.701324 -0.367020
v -2.216288 0.430929 -0.231707
v -2.344742 0.910026 -0.234728
v -1.954050 0.300776 0.376344
v -2.216288 0.427041 0.507270
v -2.052367 0.701676 0.593602
v -2.430771 0.602651 -0.133944
v -2.344742 0.911000 0.503544
v -2.430168 0.601309 0.400236
v 1.741353 0.496671 -0.188622
v 1.954910 0.303387 -0.129115
v 1.749681 0.496840 0.484248
v 2.052367 0.701324 -0.367021
v 2.216288 0.430929 -0.231708
v 2.344742 0.910026 -0.234729
v 1.954050 0.300776 0.376343
v 2.216288 0.427041 0.507270
v 2.052367 0.701676 0.593602
v 2.430771 0.602651 -0.133944
v 2.344742 0.911000 0.503543
v 2.430168 0.601309 0.400236
vn 0.2276 -0.6373 0.7363
vn 0.3315 -0.6128 0.7174
vn 0.3344 -0.6562 0.6764
vn -0.4639 -0.6110 0.6414
vn -0.4737 -0.5693 0.6719
vn -0.3220 -0.6333 0.7037
vn 0.9302 0.0501 0.3636
vn 0.9379 0.2910 0.1886
vn 0.7618 0.6274 0.1612
vn -0.7661 0.6232 0.1572
vn -0.9479 0.2746 0.1617
vn -0.9515 0.1033 0.2898
vn -0.3206 0.5375 0.7799
vn -0.3183 0.5188 0.7934
vn -0.1487 0.5946 0.7901
vn -0.0982 0.6142 0.7830
vn 0.2296 0.6959 0.6805
vn 0.0660 0.6325 0.7717
vn 0.2357 0.7773 0.5833
vn 0.2986 0.7144 0.6328
vn -0.1530 0.9675 0.2012
vn 0.2358 -0.7128 -0.6606
vn 0.4370 -0.6357 -0.6364
vn 0.4430 -0.6589 -0.6080
vn 0.1422 -0.7045 -0.6953
vn 0.1342 -0.7617 -0.6339
vn 0.1260 -0.7135 -0.6892
vn 0.5563 -0.6676 -0.4948
vn 0.1919 -0.7895 -0.5830
vn 0.9979 0.0543 0.0353
vn 0.9153 0.3956 -0.0755
vn 0.9472 0.3203 0.0113
vn 0.7763 0.3774 0.5049
vn 0.8080 0.3728 0.4563
vn 0.2985 0.4336 0.8502
vn 0.3911 0.4310 0.8132
vn 0.0838 0.4221 0.9027
vn -0.1101 0.4030 0.9086
vn -0.0077 0.4120 0.9111
vn -0.2133 0.3843 0.8982
vn -0.2390 0.3807 0.8933
vn -0.2825 0.3832 0.8794
vn -0.6318 0.3513 0.6909
vn -0.8288 0.3469 0.4391
vn -0.8521 0.4364 0.2891
vn -0.9535 0.2939 -0.0667
vn -0.9018 0.4289 0.0537
vn 0.6911 0.3470 -0.6341
vn 0.6568 0.3295 -0.6783
vn 0.3722 0.2847 -0.8834
vn 0.4632 0.3176 -0.8274
vn 0.0014 0.2820 -0.9594
vn -0.0003 0.3289 -0.9444
vn -0.4024 0.3200 -0.8577
vn -0.3860 0.2694 -0.8823
vn -0.7019 0.2830 -0.6536
vn -0.7250 0.3392 -0.5995
vn -0.6282 0.4539 0.6320
vn -0.7023 0.2599 0.6627
vn -0.6318 0.3514 0.6909
vn -0.2175 0.4535 0.8643
vn -0.5318 0.1170 0.8387
vn -0.6322 0.0930 0.7692
vn -0.0779 0.4575 0.8858
vn -0.1827 0.1298 0.9746
vn 0.4084 0.1809 0.8947
vn 0.4115 -0.7395 0.5327
vn 0.5922 -0.2505 0.7659
vn 0.9976 0.0676 -0.0174
vn 0.9705 -0.2400 0.0230
vn 0.0193 -0.9994 0.0277
vn 0.1419 -0.9899 0.0001
vn -0.9351 -0.2885 -0.2060
vn -0.9558 -0.0949 -0.2782
vn -0.8051 0.1831 -0.5641
vn -0.9176 0.1417 -0.3713
vn -0.7000 0.3095 -0.6436
vn -0.9121 0.3942 -0.1124
vn -0.9017 0.4289 0.0537
vn -0.7250 0.3392 -0.5994
vn -0.3929 0.3042 -0.8678
vn -0.0003 0.3288 -0.9444
vn -0.0000 0.3258 -0.9455
vn 0.4044 0.3046 -0.8624
vn 0.6646 0.3093 -0.6802
vn 0.9153 0.3956 -0.0756
vn 0.9076 0.3858 -0.1654
vn 0.9177 0.1417 -0.3712
vn 0.8051 0.1831 -0.5641
vn 0.9558 -0.0949 -0.2782
vn 0.9351 -0.2885 -0.2060
vn 0.8060 -0.5907 0.0380
vn 0.9886 -0.0336 -0.1467
vn 0.9177 0.1417 -0.3711
vn 0.9669 0.2551 -0.0014
vn 0.9014 0.3811 0.2054
vn 0.7726 0.4783 0.4174
vn 0.9153 0.3956 -0.0754
vn 0.7962 0.4450 0.4100
vn 0.5442 0.5896 0.5969
vn 0.6727 0.4557 0.5830
vn 0.1306 0.4477 0.8846
vn 0.0816 0.4050 0.9107
vn 0.0040 0.5362 0.8441
vn -0.4238 0.6162 0.6639
vn 0.7956 0.5790 0.1784
vn 0.9664 0.2547 0.0356
vn 0.9985 0.0503 0.0218
vn 0.9922 -0.1247 -0.0032
vn 0.1986 -0.9801 -0.0047
vn 0.0992 -0.9951 -0.0033
vn 0.7357 0.6587 0.1576
vn 0.2078 0.8976 0.3888
vn -0.3422 0.7864 0.5143
vn -0.0395 0.6490 0.7597
vn -0.1864 0.4882 0.8526
vn 0.0622 0.0228 0.9978
vn -0.0472 -0.0522 0.9975
vn 0.0254 0.4738 0.8803
vn 0.1653 0.5023 0.8487
vn 0.1082 0.6895 0.7161
vn -0.2182 0.8718 0.4385
vn -0.7476 0.6239 0.2278
vn -0.7599 0.6416 0.1046
vn -0.9985 0.0319 0.0456
vn -0.8090 0.4703 0.3526
vn -0.9017 0.4289 0.0538
vn -0.9121 0.3942 -0.1123
vn -0.8985 0.4048 0.1697
vn -0.9647 0.2633 0.0078
vn -0.9753 0.2197 0.0232
vn -0.9177 0.1417 -0.3713
vn -0.9895 -0.1447 -0.0007
vn -0.2007 -0.9796 -0.0041
vn -0.1016 -0.9948 -0.0036
vn -0.9886 -0.0339 -0.1467
vn -0.8060 -0.5907 0.0380
vn 0.0627 -0.1675 0.9839
vn 0.0813 -0.2195 0.9722
vn 0.0699 -0.2387 0.9686
vn 0.0579 -0.2297 0.9715
vn 0.0884 -0.2991 0.9501
vn 0.1470 -0.4118 0.8994
vn 0.0032 -0.3267 0.9451
vn 0.3430 -0.7146 0.6097
vn -0.2664 -0.2996 0.9161
vn -0.2127 -0.2565 0.9428
vn -0.2323 -0.2722 0.9338
vn -0.1934 -0.2657 0.9445
vn -0.1906 -0.2553 0.9479
vn -0.2046 -0.3088 0.9288
vn -0.3832 -0.9176 -0.1055
vn -0.5102 -0.8267 -0.2371
vn -0.8316 -0.5553 0.0062
vn -0.0527 -0.9481 -0.3137
vn -0.1248 -0.9904 -0.0587
vn -0.2060 -0.9036 -0.3756
vn 0.0193 -0.9994 0.0276
vn 0.1418 -0.9899 0.0001
vn -0.2006 -0.9797 -0.0041
vn 0.4179 -0.8441 -0.3359
vn 0.5580 -0.7948 -0.2386
vn 0.8589 -0.5119 -0.0142
vn 0.1247 -0.9904 -0.0587
vn -0.0756 -0.2464 0.9662
vn -0.0891 -0.2276 0.9697
vn -0.0677 -0.1679 0.9835
vn -0.0592 -0.2039 0.9772
vn -0.0632 -0.2509 0.9660
vn -0.0918 -0.2811 0.9553
vn -0.0881 -0.2572 0.9623
vn -0.4234 -0.6918 0.5850
vn -0.1385 -0.9904 0.0002
vn -0.9705 -0.2401 0.0230
vn -0.0192 -0.9994 0.0272
vn -0.4115 -0.7395 0.5328
vn -0.9976 0.0674 -0.0172
vn -0.5922 -0.2504 0.7659
vn 0.1022 -0.2866 0.9526
vn 0.1088 -0.3362 0.9355
vn 0.1087 -0.3363 0.9355
vn 0.1046 -0.3046 0.9467
vn 0.0799 -0.2466 0.9658
vn 0.0647 -0.2363 0.9695
vn 0.0218 -0.2069 0.9781
vn 0.0990 -0.9951 -0.0034
vn -0.0072 -1.0000 0.0003
vn -0.0020 -1.0000 -0.0005
vn -0.0015 -1.0000 -0.0008
vn 0.0019 -1.0000 0.0023
vn 0.0001 -1.0000 -0.0002
vn 0.0002 -1.0000 -0.0002
vn -0.0000 -1.0000 0.0020
vn 0.0100 -0.9999 0.0005
vn 0.0022 -1.0000 -0.0008
vn 0.0015 -1.0000 -0.0009
vn -0.0019 -1.0000 0.0023
vn -0.0002 -1.0000 -0.0002
vn -0.0001 -1.0000 -0.0002
vn -0.0000 -1.0000 0.0019
vn -0.0000 -0.4817 0.8763
vn -0.0000 -0.8085 0.5885
vn -0.0000 -0.9970 0.0770
vn 0.4115 -0.7395 0.5328
vn -0.0020 -1.0000 0.0024
vn 0.4116 -0.7394 0.5328
vn -0.9566 -0.1933 -0.2182
vn -0.9890 -0.0640 0.1331
vn -0.9410 -0.1640 -0.2959
vn -0.8930 0.0415 0.4481
vn 0.2830 0.6975 0.6583
vn 0.4235 0.7084 0.5647
vn 0.7419 0.6543 0.1467
vn 0.7403 0.6650 0.0988
vn 0.3647 -0.9037 0.2244
vn 0.1854 -0.7046 0.6850
vn 0.1842 -0.7070 0.6828
vn 0.3640 -0.9040 0.2242
vn -0.9410 -0.1640 -0.2960
vn -0.7043 -0.1401 -0.6959
vn -0.5772 -0.1207 -0.8077
vn 0.6948 0.5401 -0.4748
vn 0.6870 0.5723 -0.4478
vn 0.7403 0.6650 0.0986
vn 0.4430 -0.8458 -0.2974
vn 0.4451 -0.8440 -0.2992
vn -0.0841 0.0863 -0.9927
vn -0.7122 -0.5830 -0.3909
vn -0.8520 -0.3862 -0.3534
vn 0.0632 -0.1803 -0.9816
vn 0.6979 0.5855 -0.4125
vn 0.8534 0.3069 -0.4213
vn 0.6924 0.5833 0.4246
vn 0.8444 0.3171 0.4318
vn -0.0546 0.1020 0.9933
vn 0.0690 -0.1510 0.9861
vn -0.8415 -0.3697 0.3939
vn -0.6957 -0.5704 0.4367
vn -0.7122 -0.5830 -0.3910
vn -0.8520 -0.3862 -0.3535
vn -0.0389 0.1322 -0.9905
vn -0.8421 -0.3839 -0.3788
vn -0.8287 -0.3713 -0.4188
vn -0.0582 0.0906 -0.9942
vn 0.7223 0.5896 -0.3616
vn 0.7476 0.6125 -0.2568
vn 0.7529 0.6146 0.2352
vn 0.7214 0.5877 0.3664
vn 0.0364 0.1812 0.9828
vn -0.0259 0.1052 0.9941
vn -0.7905 -0.3353 0.5126
vn -0.8239 -0.3609 0.4370
vn -0.8287 -0.3713 -0.4189
vn -0.8422 -0.3837 -0.3788
vn 0.7214 0.5877 0.3663
vn 0.6924 0.5834 0.4245
vn 0.8520 -0.3862 -0.3534
vn 0.7122 -0.5830 -0.3909
vn 0.0841 0.0863 -0.9927
vn -0.0632 -0.1803 -0.9816
vn -0.6979 0.5854 -0.4125
vn -0.8534 0.3069 -0.4213
vn -0.6924 0.5833 0.4246
vn -0.8444 0.3171 0.4318
vn 0.0546 0.1020 0.9933
vn -0.0690 -0.1511 0.9861
vn 0.8415 -0.3697 0.3939
vn 0.6957 -0.5704 0.4366
vn 0.7122 -0.5830 -0.3910
vn 0.8520 -0.3862 -0.3535
vn 0.8287 -0.3712 -0.4188
vn 0.8422 -0.3838 -0.3788
vn 0.0389 0.1322 -0.9905
vn 0.0582 0.0906 -0.9942
vn -0.7223 0.5896 -0.3616
vn -0.7476 0.6125 -0.2568
vn -0.7529 0.6146 0.2352
vn -0.7214 0.5877 0.3664
vn -0.0364 0.1812 0.9828
vn 0.0259 0.1052 0.9941
vn 0.7905 -0.3353 0.5126
vn 0.8239 -0.3609 0.4370
vn 0.8287 -0.3713 -0.4189
vn 0.8422 -0.3837 -0.3788
vn -0.6979 0.5855 -0.4125
vn -0.7214 0.5877 0.3663
vn -0.6924 0.5834 0.4245
vn -0.4168 0.9089 0.0097
vn -0.2868 -0.0125 0.9579
vn 0.9134 0.2995 0.2756
vn 0.3207 -0.0710 -0.9445
vn -0.8304 -0.4944 -0.2569
vn -0.8304 -0.4944 -0.2570
vn 0.3575 -0.9140 0.1919
vn -0.7551 0.6512 -0.0761
vn -0.6120 0.5197 -0.5961
vn -0.7538 0.6497 -0.0985
vn -0.6884 0.6007 0.4065
vn -0.6884 0.6007 0.4066
vn -0.5114 -0.4443 -0.7356
vn -0.5332 0.4179 -0.7356
vn 0.1282 0.4014 -0.9069
vn -0.6419 0.5654 -0.5179
vn -0.9788 0.0594 -0.1960
vn -0.7761 -0.5625 0.2851
vn -0.5063 0.8375 -0.2058
vn -0.6069 -0.2332 0.7598
vn -0.7734 0.4488 0.4477
vn -0.2172 0.9712 -0.0979
vn -0.2281 0.6869 0.6900
vn -0.1173 0.0516 0.9918
vn 0.4282 0.8147 0.3911
vn 0.3997 0.1162 0.9092
vn 0.9484 -0.2412 0.2058
vn 0.9502 -0.1974 -0.2410
vn 0.8028 -0.5816 0.1316
vn 0.8783 -0.4138 -0.2394
vn 0.5205 -0.8299 -0.2008
vn 0.5370 -0.8213 0.1926
vn 0.1990 -0.9741 0.1075
vn 0.3496 -0.4212 0.8369
vn 0.5496 -0.2422 0.7996
vn 0.6438 -0.1111 0.7571
vn 0.7484 0.5920 -0.2990
vn 0.6605 0.2900 -0.6925
vn 0.3727 -0.1396 -0.9174
vn 0.4582 -0.0082 -0.8888
vn 0.7912 0.5258 -0.3123
vn 0.8931 0.2636 -0.3645
vn 0.7263 0.0689 -0.6839
vn 0.8968 0.1400 -0.4197
vn 0.7635 -0.0939 -0.6389
vn 0.9585 -0.2603 -0.1166
vn 0.6391 -0.3507 0.6845
vn 0.9151 -0.4019 0.0331
vn 0.3077 -0.4184 0.8546
vn 0.8801 -0.4617 0.1110
vn 0.3696 -0.5452 0.7524
vn 0.8537 -0.4058 0.3264
vn 0.2321 -0.8283 0.5099
vn 0.4408 -0.8968 -0.0378
vn -0.1847 -0.9708 0.1529
vn 0.7987 0.5052 0.3269
vn 0.6958 0.5342 -0.4802
vn 0.5850 0.2235 -0.7796
vn 0.5720 0.0768 -0.8167
vn 0.4531 0.0121 -0.8914
vn 0.7382 -0.1521 -0.6572
vn 0.6038 -0.1029 -0.7905
vn 0.9000 0.0422 -0.4339
vn 0.9992 0.0276 -0.0301
vn 0.8744 0.1611 -0.4577
vn 0.4547 0.7848 0.4211
vn -0.2176 0.3672 0.9043
vn 0.6702 -0.0781 -0.7381
vn 0.8319 0.3272 -0.4482
vn 0.6996 -0.0524 -0.7126
vn 0.7012 -0.2224 -0.6774
vn -0.0953 -0.7685 -0.6327
vn -0.0026 -0.5355 -0.8445
vn -0.1523 -0.4366 -0.8867
vn -0.3403 -0.1540 -0.9276
vn -0.2698 -0.0502 -0.9616
vn -0.9897 -0.0366 -0.1386
vn -0.9998 0.0203 0.0031
vn -0.7999 -0.0768 0.5952
vn -0.7363 -0.2079 0.6439
vn -0.8538 -0.0178 0.5204
vn -0.5006 0.0658 -0.8632
vn 0.2454 0.0135 -0.9693
vn -0.1172 0.3608 -0.9252
vn -0.8841 0.1976 -0.4235
vn -0.9868 0.1500 0.0609
vn -0.8829 0.1533 0.4439
vn -0.8808 0.4195 -0.2196
vn 0.0440 0.4089 -0.9115
vn -0.8555 0.3905 0.3401
vn -0.1740 -0.2665 0.9480
vn -0.1198 -0.2643 0.9570
vn -0.7437 0.6103 -0.2728
vn -0.6791 0.6100 0.4083
vn -0.1910 -0.4442 0.8753
vn 0.2244 0.4934 -0.8404
vn 0.2005 0.8216 -0.5336
vn -0.5843 0.8032 -0.1159
vn 0.2701 0.9532 -0.1358
vn -0.3058 0.9167 0.2572
vn -0.1847 -0.9708 0.1528
vn -0.3013 0.3854 0.8722
vn 0.3727 -0.1398 -0.9174
vn 0.6604 0.2900 -0.6926
vn -0.3771 -0.7294 -0.5708
vn -0.4785 -0.6415 -0.5996
vn 0.4582 -0.0083 -0.8888
vn -0.7134 -0.3495 -0.6074
vn 0.7635 -0.0940 -0.6389
vn -0.3675 -0.2308 0.9009
vn -0.3293 -0.2231 0.9175
vn -0.3647 -0.2625 0.8934
vn -0.2121 -0.1122 0.9708
vn 0.1325 0.1980 0.9712
vn 0.1276 0.0428 0.9909
vn -0.1784 -0.1659 0.9699
vn 0.0435 -0.1912 0.9806
vn 0.4693 -0.2264 0.8535
vn 0.5310 -0.3691 0.7628
vn -0.9671 -0.2542 0.0034
vn -0.5933 -0.3038 0.7455
vn 0.4694 -0.2264 0.8535
vn -0.1785 -0.1659 0.9698
vn -0.4148 -0.2881 0.8631
vn -0.3647 -0.2625 0.8933
vn -0.1741 -0.2665 0.9480
vn -0.8829 0.1533 0.4438
vn 0.3076 -0.4184 0.8546
vn -0.2893 -0.2238 0.9307
vn -0.7999 -0.0767 0.5952
vn -0.1909 -0.4442 0.8754
vn -0.1848 -0.9708 0.1529
vn -0.3584 -0.8641 -0.3533
vn -0.5359 -0.7399 -0.4067
vn -0.8122 -0.5090 -0.2851
vn -0.3402 -0.1541 -0.9276
vn -0.3403 -0.1541 -0.9276
vn -0.8548 -0.0138 -0.5188
vn -0.9052 0.3901 -0.1687
vn -0.6939 0.2473 -0.6763
vn -0.7136 0.6540 -0.2511
vn -0.4999 0.6154 0.6094
vn -0.7941 0.2613 0.5488
vn -0.2223 -0.9340 0.2796
vn 0.4645 -0.8806 0.0935
vn 0.4428 -0.8862 0.1364
vn -0.1984 -0.9592 0.2013
vn -0.1568 -0.9876 0.0014
vn -0.6184 -0.7244 0.3048
vn -0.6284 -0.7472 0.2162
vn 0.0938 0.0292 -0.9952
vn 0.2085 0.0304 -0.9776
vn -0.8037 0.0579 -0.5922
vn 0.2093 0.0383 -0.9771
vn 0.4160 0.0863 0.9053
vn 0.3979 -0.0235 0.9171
vn 0.6148 0.1733 0.7694
vn 0.7270 -0.0056 0.6866
vn 0.9702 0.0881 0.2257
vn 0.9917 -0.0387 0.1226
vn 0.7903 -0.0523 0.6105
vn 0.4109 -0.0344 0.9110
vn 0.9934 -0.1069 -0.0417
vn 0.4996 -0.1155 0.8585
vn 0.7702 -0.0732 0.6336
vn 0.9612 -0.1955 -0.1947
vn 0.2954 0.0251 0.9550
vn 0.9524 -0.2808 0.1191
vn 0.9192 -0.2928 -0.2632
vn 0.3855 -0.0279 0.9223
vn 0.2443 0.1086 0.9636
vn 0.8999 -0.2742 0.3392
vn 0.9119 -0.3308 -0.2431
vn 0.8601 -0.4712 -0.1953
vn 0.5214 -0.1720 0.8358
vn 0.4240 -0.0788 0.9022
vn 0.1320 0.2268 0.9650
vn 0.4594 0.0630 0.8860
vn 0.6321 -0.5280 0.5671
vn 0.8204 -0.3001 0.4867
vn 0.8270 -0.5289 -0.1906
vn 0.4673 0.0577 0.8822
vn 0.7416 -0.3435 0.5762
vn 0.4114 -0.1243 0.9030
vn 0.0737 0.3408 0.9372
vn 0.3438 -0.0846 0.9352
vn -0.8717 0.1651 -0.4613
vn -0.8520 0.2231 -0.4736
vn -0.8677 0.1780 -0.4642
vn -0.8774 0.1336 -0.4608
vn -0.8768 0.1392 -0.4603
vn -0.8775 0.1198 -0.4644
vn -0.8207 0.0922 -0.5638
vn -0.8593 0.1240 -0.4961
vn -0.8492 0.1123 -0.5160
vn -0.8612 0.1182 -0.4943
vn -0.4887 0.0699 -0.8696
vn -0.4683 0.0427 -0.8825
vn -0.4728 0.0478 -0.8799
vn -0.4452 0.0171 -0.8953
vn -0.8611 0.1213 -0.4938
vn -0.8580 0.0875 -0.5061
vn -0.8672 0.0933 -0.4892
vn 0.0939 0.0293 -0.9952
vn -0.2928 0.6555 -0.6961
vn -0.2886 0.6587 -0.6949
vn -0.3923 0.5746 -0.7183
vn -0.1659 0.7424 -0.6491
vn -0.2367 0.6853 -0.6887
vn -0.1557 0.7257 -0.6702
vn -0.1435 0.7597 -0.6343
vn -0.0768 0.7805 -0.6204
vn -0.0626 0.7837 -0.6180
vn 0.0768 0.7805 -0.6204
vn 0.0625 0.7837 -0.6180
vn 0.1659 0.7424 -0.6491
vn 0.1435 0.7597 -0.6343
vn 0.1556 0.7257 -0.6702
vn 0.2367 0.6853 -0.6887
vn 0.2885 0.6586 -0.6949
vn 0.2928 0.6555 -0.6961
vn 0.3923 0.5746 -0.7183
vn -0.9973 -0.0575 0.0460
vn -0.9985 -0.0214 -0.0508
vn -0.9919 -0.0577 0.1131
vn -0.9912 -0.0676 0.1134
vn -0.9665 0.1021 0.2354
vn -0.9657 0.1052 0.2376
vn -0.8169 0.3501 0.4583
vn -0.8081 0.3590 0.4670
vn -0.5276 0.5475 0.6495
vn -0.5233 0.5494 0.6514
vn -0.1763 0.6464 0.7424
vn 0.1763 0.6464 0.7424
vn 0.1762 0.6464 0.7424
vn 0.5233 0.5494 0.6514
vn 0.5276 0.5475 0.6495
vn 0.8081 0.3590 0.4670
vn 0.8169 0.3501 0.4583
vn 0.9657 0.1052 0.2376
vn 0.9665 0.1021 0.2354
vn 0.9919 -0.0577 0.1131
vn 0.9912 -0.0676 0.1135
vn 0.9984 -0.0232 -0.0522
vn 0.9909 -0.0951 0.0955
vn -0.1655 0.9844 -0.0595
vn 0.1409 0.8753 -0.4626
vn -0.1411 0.8752 -0.4627
vn 0.1654 0.9844 -0.0596
vn 0.5725 0.8182 -0.0534
vn 0.5827 0.8044 0.1160
vn 0.7864 0.6125 0.0801
vn 0.7618 0.6274 0.1613
vn -0.5827 0.8044 0.1160
vn -0.5180 0.8148 0.2603
vn -0.1669 0.9500 0.2638
vn -0.1178 0.8918 0.4369
vn -0.1655 0.9844 -0.0596
vn -0.9929 0.1070 -0.0517
vn -0.8475 0.4931 -0.1966
vn -0.8066 0.4571 -0.3747
vn -0.6288 0.7487 -0.2101
vn -0.6151 0.7306 -0.2963
vn -0.2024 0.9531 -0.2249
vn -0.1225 0.9169 -0.3798
vn 0.2023 0.9532 -0.2248
vn -0.5091 0.6587 -0.5541
vn 0.1237 0.9166 -0.3802
vn 0.6146 0.7310 -0.2965
vn 0.6289 0.7487 -0.2097
vn 0.5069 0.6594 -0.5552
vn 0.7995 0.4644 -0.3809
vn 0.8390 0.5064 -0.1992
vn 0.9927 0.1191 -0.0170
vn -0.5515 0.3591 -0.7529
vn -0.1704 0.3488 -0.9216
vn 0.5508 0.3600 -0.7530
vn 0.1708 0.3496 -0.9212
vn -0.5604 -0.0180 -0.8280
vn -0.8635 -0.0242 -0.5037
vn -0.8070 -0.3513 -0.4746
vn -0.2124 0.0078 -0.9771
vn 0.5615 -0.0188 -0.8272
vn 0.8526 -0.0326 -0.5215
vn 0.8072 -0.3513 -0.4743
vn 0.2109 0.0075 -0.9775
vn -0.1708 -0.3926 -0.9037
vn -0.5540 -0.3117 -0.7720
vn 0.1701 -0.3933 -0.9035
vn 0.5545 -0.3124 -0.7713
vn -0.4578 -0.7449 -0.4853
vn -0.5683 -0.7683 -0.2945
vn -0.0981 -0.9141 -0.3934
vn -0.1031 -0.7526 -0.6503
vn 0.1030 -0.7527 -0.6503
vn 0.0981 -0.9141 -0.3934
vn 0.4577 -0.7449 -0.4853
vn 0.5687 -0.7681 -0.2943
vn -0.3253 -0.8950 -0.3051
vn -0.6210 -0.7733 -0.1276
vn -0.3252 -0.8951 -0.3051
vn -0.0292 -0.9801 -0.1966
vn 0.0293 -0.9800 -0.1966
vn 0.3253 -0.8951 -0.3051
vn -0.9665 -0.0461 0.2526
vn -0.9469 -0.0629 0.3154
vn -0.9473 -0.1150 0.2991
vn -0.9164 0.1543 0.3692
vn -0.9346 -0.0492 0.3524
vn -0.9828 -0.1632 0.0859
vn -0.9177 -0.3225 0.2319
vn -0.8325 -0.5499 -0.0672
vn -0.9550 -0.2713 -0.1194
vn -0.8420 -0.5293 -0.1042
vn -0.6211 -0.7733 -0.1277
vn -0.9346 -0.0492 0.3523
vn -0.9164 0.1544 0.3692
vn -0.8384 0.3882 0.3825
vn -0.6510 0.1609 0.7418
vn -0.7383 0.0068 0.6744
vn -0.9184 0.0133 0.3954
vn -0.7727 -0.0656 0.6313
vn -0.9284 -0.0615 0.3665
vn -0.4330 -0.0817 0.8977
vn -0.6750 0.4357 0.5954
vn -0.5183 0.6892 0.5064
vn -0.2860 0.5889 0.7559
vn -0.0598 0.6585 0.7502
vn -0.2650 0.1887 0.9456
vn -0.2718 0.0267 0.9620
vn -0.0394 0.4473 0.8935
vn 0.1143 0.5012 0.8578
vn 0.1344 0.6565 0.7422
vn 0.3284 0.7019 0.6321
vn -0.0850 0.1112 0.9902
vn -0.3509 -0.0356 0.9357
vn -0.2730 0.0107 0.9620
vn -0.3136 -0.0717 0.9468
vn -0.3700 -0.5807 0.7251
vn -0.8091 -0.4792 0.3401
vn -0.6406 -0.4552 0.6184
vn -0.2461 -0.9529 0.1774
vn -0.4863 -0.8699 0.0827
vn -0.0633 -0.9711 0.2300
vn -0.0726 -0.5867 0.8065
vn 0.0636 -0.9717 0.2276
vn -0.0794 -0.0718 0.9943
vn -0.0780 0.0016 0.9970
vn 0.0772 0.1096 0.9910
vn 0.0778 0.0015 0.9970
vn 0.0791 -0.0719 0.9943
vn 0.0731 -0.5839 0.8085
vn 0.2856 0.0066 0.9583
vn 0.2716 0.1115 0.9559
vn 0.3397 -0.5953 0.7281
vn 0.2461 -0.9529 0.1774
vn 0.6173 -0.5658 0.5467
vn 0.4997 -0.1155 0.8585
vn 0.3406 -0.0960 0.9353
vn 0.4110 -0.0344 0.9110
vn 0.3980 -0.0235 0.9171
vn 0.4161 0.0863 0.9052
vn 0.2998 0.4854 0.8213
vn 0.6686 0.6147 0.4184
vn 0.8440 0.4406 0.3059
vn 0.9702 0.0882 0.2256
vn 0.9855 -0.0679 0.1555
vn -0.9835 0.1382 -0.1166
vn -0.8067 0.4571 -0.3747
vn -0.9739 -0.2049 -0.0981
vn -0.8071 -0.3513 -0.4746
vn 0.5179 0.8148 0.2604
vn 0.1670 0.9500 0.2637
vn 0.1179 0.8918 0.4368
vn -0.1179 0.8918 0.4369
vn 0.1655 0.9844 -0.0596
vn -0.1655 0.9844 -0.0594
vn 0.8479 -0.5276 -0.0514
vn 0.6211 -0.7733 -0.1277
vn 0.8431 -0.5277 -0.1029
vn 0.9717 -0.2095 0.1092
vn 0.9328 -0.3416 0.1151
vn 0.9334 -0.3192 0.1640
vn 0.9433 -0.1312 0.3050
vn 0.9702 0.0881 0.2256
vn 0.9581 -0.1506 0.2438
vn 0.9473 -0.1150 0.2991
vn 0.3253 -0.8950 -0.3051
vn 0.6210 -0.7733 -0.1276
vn 0.0982 -0.9141 -0.3934
vn -0.1771 -0.6203 0.7641
vn -0.4639 -0.6111 0.6414
vn -0.3220 -0.6333 0.7038
vn -0.0870 -0.6448 0.7594
vn -0.1983 -0.6512 0.7326
vn -0.1151 -0.7044 0.7004
vn -0.1248 -0.7096 0.6935
vn -0.0803 -0.7274 0.6815
vn -0.0406 -0.7344 0.6775
vn -0.0327 -0.7355 0.6767
vn 0.0406 -0.7344 0.6775
vn 0.0327 -0.7355 0.6767
vn 0.1041 -0.7104 0.6961
vn 0.0804 -0.7274 0.6815
vn 0.1248 -0.7096 0.6935
vn 0.1936 -0.6655 0.7208
vn 0.1834 -0.6231 0.7604
vn 0.1614 -0.5996 0.7839
vn 0.9909 -0.0951 0.0956
vn 0.9814 0.1434 -0.1276
vn 0.7995 0.4645 -0.3809
vn 0.9602 -0.2564 -0.1105
vn 0.8432 -0.5277 -0.1029
vn -0.9478 -0.3093 -0.0780
vn -0.7531 -0.6541 -0.0711
vn -0.9080 -0.3876 0.1590
vn -0.6768 -0.7349 -0.0427
vn -0.5569 -0.8280 -0.0652
vn -0.2887 -0.9563 -0.0461
vn -0.1874 -0.9819 -0.0270
vn -0.2461 -0.9529 0.1773
vn -0.0581 -0.9961 -0.0670
vn -0.0747 -0.9963 -0.0426
vn -0.0634 -0.9711 0.2300
vn 0.0637 -0.9717 0.2275
vn 0.0768 -0.9962 -0.0418
vn 0.0654 -0.9956 -0.0667
vn 0.2461 -0.9529 0.1773
vn 0.2887 -0.9563 -0.0461
vn 0.4863 -0.8699 0.0827
vn 0.1874 -0.9819 -0.0270
vn 0.5568 -0.8281 -0.0652
vn 0.6768 -0.7349 -0.0427
vn 0.7531 -0.6541 -0.0711
vn 0.9080 -0.3876 0.1590
vn 0.9478 -0.3093 -0.0780
vn 0.1847 -0.6664 -0.7223
vn 0.1359 -0.4552 -0.8800
vn 0.1631 -0.4829 -0.8603
vn 0.1574 -0.1366 -0.9780
vn 0.3000 -0.0355 -0.9533
vn 0.3008 0.1938 -0.9338
vn 0.5523 0.3621 -0.7509
vn 0.7039 0.4010 -0.5863
vn 0.7443 0.0409 -0.6666
vn 0.5279 0.0202 -0.8491
vn 0.4828 -0.0195 -0.8755
vn 0.3035 -0.0146 -0.9527
vn 0.2864 -0.0107 -0.9581
vn -0.0947 0.0725 -0.9929
vn -0.6406 -0.4551 0.6185
vn -0.9080 -0.3876 0.1589
vn -0.9655 -0.1561 0.2084
vn -0.1631 -0.4829 -0.8603
vn -0.1359 -0.4552 -0.8800
vn -0.1847 -0.6664 -0.7223
vn -0.1574 -0.1366 -0.9780
vn -0.3000 -0.0355 -0.9533
vn -0.3008 0.1938 -0.9338
vn -0.5523 0.3621 -0.7509
vn -0.7039 0.4010 -0.5863
vn 0.9397 -0.1711 0.2961
vn 0.7548 -0.0704 0.6522
vn 0.6839 0.0286 0.7290
vn 0.6566 0.0353 0.7534
vn 0.6658 -0.0105 0.7461
vn 0.6419 -0.0727 0.7633
vn 0.8408 -0.4517 0.2982
vn 0.6173 -0.5658 0.5466
vn -0.9237 -0.1936 0.3307
vn -0.7727 -0.0656 0.6314
vn -0.7788 -0.1594 0.6067
vn -0.4329 -0.0816 0.8977
vn -0.9075 -0.2492 0.3383
vn -0.2991 -0.0367 0.9535
vn -0.7674 -0.2249 0.6004
vn -0.8103 -0.3841 0.4426
vn -0.2797 -0.0243 0.9598
vn -0.7339 -0.3462 0.5844
vn -0.2422 0.0682 0.9678
vn 0.7443 0.1451 -0.6518
vn 0.7220 0.1859 -0.6665
vn 0.7479 0.1382 -0.6492
vn 0.7650 0.1128 -0.6341
vn 0.7672 0.1097 -0.6319
vn 0.7817 0.0847 -0.6179
vn 0.7722 0.0774 -0.6307
vn 0.8033 0.0607 -0.5924
vn -0.1412 0.8752 -0.4627
vn -0.5725 0.8181 -0.0534
vn -0.7942 0.6024 0.0795
vn -0.3331 -0.1567 0.9298
vn -0.4658 -0.1919 0.8638
vn -0.6535 -0.2550 0.7127
vn -0.5378 -0.1906 0.8212
vn -0.6465 -0.2463 0.7221
vn -0.5210 -0.2810 0.8060
vn -0.0954 -0.9954 0.0044
vn 0.2843 -0.9587 -0.0071
vn -0.2375 -0.9707 0.0353
vn 0.3576 -0.9339 0.0084
vn 0.9968 0.0561 0.0577
vn 0.9991 -0.0432 -0.0000
vn 0.7657 0.6353 0.1000
vn 0.8336 0.5522 0.0115
vn 0.0657 0.9816 0.1792
vn 0.1169 0.9887 0.0940
vn -0.6392 0.7150 0.2832
vn -0.5986 0.7778 0.1917
vn -0.9619 -0.1211 0.2453
vn -0.9558 0.2229 0.1918
vn -0.8931 -0.4311 0.1286
vn -0.2376 -0.9707 0.0353
vn -0.0954 -0.9954 0.0045
vn 0.1543 -0.8073 0.5696
vn 0.3575 -0.9339 0.0060
vn 0.9968 0.0561 0.0578
vn 0.5330 -0.0031 0.8461
vn 0.4413 0.3614 0.8213
vn 0.7658 0.6353 0.0999
vn -0.0123 0.5941 0.8043
vn -0.4445 0.3793 0.8115
vn -0.6391 0.7151 0.2832
vn -0.5314 -0.0038 0.8471
vn -0.1552 -0.8069 0.5699
vn 0.1544 -0.8073 0.5696
vn 0.0932 -0.9956 0.0033
vn 0.2434 -0.9693 0.0344
vn -0.2882 -0.9575 -0.0068
vn -0.3621 -0.9321 0.0067
vn -0.9990 -0.0445 0.0003
vn -0.9966 0.0582 0.0590
vn -0.8304 0.5571 0.0108
vn -0.7622 0.6394 0.1011
vn -0.1169 0.9887 0.0940
vn -0.0657 0.9816 0.1792
vn 0.5965 0.7797 0.1906
vn 0.6371 0.7166 0.2837
vn 0.9616 0.2023 0.1854
vn 0.9657 -0.0936 0.2422
vn 0.9085 -0.3996 0.1221
vn -0.7623 0.6393 0.1009
vn -0.4383 0.3579 0.8245
vn -0.5321 -0.0091 0.8467
vn -0.1573 -0.8133 0.5602
vn -0.3620 -0.9322 0.0067
vn 0.1574 -0.8133 0.5601
vn -0.4382 0.3579 0.8246
vn -0.7622 0.6394 0.1010
vn 0.0122 0.5896 0.8076
vn 0.4420 0.3751 0.8148
vn 0.6371 0.7166 0.2838
vn 0.5306 -0.0098 0.8476
vn 0.5439 0.5463 -0.6369
vn 0.6679 0.6808 -0.3006
vn 0.4890 0.5618 -0.6673
vn 0.6525 0.6907 -0.3118
vn 0.6283 0.6838 0.3711
vn 0.6430 0.6701 0.3708
vn 0.4168 0.5239 0.7428
vn 0.4937 0.5132 0.7021
vn 0.1362 0.9906 0.0128
vn 0.3488 0.5532 0.7565
vn 0.5811 0.8138 -0.0003
vn 0.5690 0.6494 0.5045
vn 0.5807 0.6429 -0.4995
vn 0.0685 0.2454 0.9670
vn -0.3401 -0.0390 0.9396
vn 0.3824 0.5710 -0.7265
vn 0.0851 0.2337 -0.9686
vn -0.3531 -0.0694 -0.9330
vn 0.4992 -0.8665 -0.0000
vn 0.4837 -0.8752 0.0001
vn 0.4838 -0.8752 0.0001
vn 0.4702 -0.8825 0.0002
vn -0.5792 0.8152 -0.0025
vn -0.3488 0.5531 0.7566
vn -0.1362 0.9906 0.0154
vn -0.5690 0.6494 0.5045
vn -0.5735 0.6475 -0.5019
vn -0.0685 0.2454 0.9670
vn 0.3401 -0.0390 0.9396
vn -0.3573 0.5589 -0.7483
vn -0.5734 0.6475 -0.5019
vn -0.0754 0.2496 -0.9654
vn 0.3615 -0.0532 -0.9309
vn -0.4992 -0.8665 -0.0000
vn -0.4836 -0.8753 0.0001
vn -0.4838 -0.8752 0.0001
vn -0.4702 -0.8825 0.0002
vn 0.6120 -0.5197 0.5961
vn 0.7551 -0.6512 0.0761
vn 0.7538 -0.6497 0.0985
vn 0.6884 -0.6007 -0.4066
vn 0.6884 -0.6007 -0.4065
vn -0.0000 0.9943 0.1070
vn -0.0000 -0.9943 -0.1070
vn -0.3622 -0.8680 -0.3398
vn 0.2974 -0.4719 -0.8300
vn 0.1634 -0.9061 -0.3902
vn 0.1283 0.4014 -0.9069
vn 0.7718 -0.6096 -0.1807
vn 0.7811 -0.0245 -0.6239
vn 0.4074 0.5802 -0.7052
vn 0.8020 0.5641 -0.1963
vn 0.4248 0.7963 -0.4306
vn 0.4282 0.8147 0.3910
vn 0.2773 0.9308 -0.2382
vn -0.2171 0.9712 -0.0979
vn -0.5897 -0.4431 0.6752
vn -0.5210 -0.2810 0.8059
vn -0.3329 0.0190 0.9428
vn 0.2521 0.4831 0.8385
vn 0.6004 0.6288 0.4941
vn -0.5378 -0.1906 0.8213
vn 0.7027 0.3366 0.6268
vn 0.3750 0.2265 0.8989
vn 0.7497 0.0638 0.6587
vn 0.4025 -0.0440 0.9144
vn 0.3289 -0.2766 0.9029
vn -0.0650 0.6928 -0.7182
vn -0.5091 0.6586 -0.5541
vn 0.0674 0.6937 -0.7171
vn 0.1708 0.3497 -0.9212
vn -0.7548 -0.0704 0.6522
vn -0.6420 -0.0726 0.7633
vn -0.6658 -0.0104 0.7461
vn -0.6566 0.0353 0.7534
vn -0.6839 0.0286 0.7290
vn -0.9469 -0.0629 0.3153
vn -0.1175 0.7124 -0.6918
vn -0.8386 0.4929 -0.2317
vn 0.8918 0.0166 -0.4521
vn 0.0953 0.8024 -0.5892
vn 0.7795 0.1877 -0.5976
vn 0.5930 -0.1167 -0.7967
vn 0.8656 0.2906 -0.4079
vn 0.7571 0.2271 -0.6125
vn 0.6520 -0.1568 -0.7418
vn 0.1771 -0.3717 -0.9113
vn 0.3746 -0.3894 -0.8414
vn 0.2320 -0.3777 -0.8964
vn -0.0000 -0.1051 0.9945
vn -0.5320 -0.0091 0.8467
vn -0.1573 -0.8134 0.5601
vn 0.4421 0.3751 0.8148
vn 0.1575 -0.8133 0.5601
vn 0.5305 -0.0098 0.8476
vn 0.4412 0.3614 0.8214
vn -0.0001 -0.1036 0.9946
vn -0.0123 0.5940 0.8043
vn -0.5313 -0.0038 0.8472
vn 0.1253 -0.9535 -0.2741
vn -0.4563 -0.7449 -0.4867
vn -0.8534 0.3068 -0.4213
vn 0.1269 -0.9607 0.2469
vn -0.4534 -0.7377 0.5002
vn -0.0689 -0.1511 0.9861
vn -0.9353 -0.2560 -0.2441
vn -0.8444 0.3171 0.4317
vn -0.9342 -0.2568 0.2478
vn -0.7122 -0.5830 -0.3911
vn -0.1253 -0.9535 -0.2741
vn -0.6957 -0.5705 0.4366
vn 0.4563 -0.7449 -0.4867
vn 0.8534 0.3068 -0.4213
vn -0.1269 -0.9607 0.2469
vn 0.4535 -0.7377 0.5002
vn 0.0689 -0.1511 0.9861
vn 0.9353 -0.2560 -0.2441
vn 0.8444 0.3171 0.4317
vn 0.9342 -0.2568 0.2478
vt 0.022756 0.655706
vt 0.025104 0.671684
vt 0.026806 0.656837
vt 0.601549 0.037849
vt 0.611317 0.022206
vt 0.647981 0.037517
vt 0.647980 0.037518
vt 0.611316 0.022206
vt 0.717560 0.208453
vt 0.743440 0.201193
vt 0.695807 0.195056
vt 0.672656 0.215636
vt 0.631758 0.215119
vt 0.658670 0.173541
vt 0.577566 0.216272
vt 0.579437 0.210866
vt 0.538590 0.219931
vt 0.658111 0.106395
vt 0.646338 0.080345
vt 0.659366 0.093501
vt 0.682528 0.111474
vt 0.700507 0.136343
vt 0.677059 0.143804
vt 0.739412 0.169542
vt 0.733774 0.179869
vt 0.769324 0.186790
vt 0.106870 0.022826
vt 0.089545 0.031572
vt 0.109312 0.046049
vt 0.090121 0.041090
vt 0.112780 0.075949
vt 0.084833 0.060066
vt 0.115230 0.102878
vt 0.069777 0.076865
vt 0.121755 0.123668
vt 0.127102 0.138781
vt 0.083158 0.134113
vt 0.052766 0.092016
vt 0.052534 0.113139
vt 0.034196 0.101535
vt 0.037612 0.111994
vt 0.016817 0.103808
vt 0.017786 0.112597
vt 0.635944 0.287480
vt 0.616855 0.280430
vt 0.620384 0.312163
vt 0.599781 0.303660
vt 0.612875 0.337557
vt 0.588945 0.332889
vt 0.608539 0.369814
vt 0.582711 0.369058
vt 0.588008 0.405655
vt 0.612383 0.402959
vt 0.619581 0.429874
vt 0.600066 0.435848
vt 0.613664 0.458811
vt 0.634652 0.448314
vt 0.134037 0.946255
vt 0.154547 0.926900
vt 0.129205 0.940939
vt 0.200055 0.964181
vt 0.207737 0.931927
vt 0.203557 0.908912
vt 0.263798 0.936490
vt 0.238737 0.919253
vt 0.256240 0.924420
vt 0.974624 0.553467
vt 0.954576 0.557047
vt 0.954576 0.573963
vt 0.972672 0.573963
vt 0.986162 0.523851
vt 0.986162 0.573963
vt 0.370148 0.557418
vt 0.394475 0.552276
vt 0.352080 0.494623
vt 0.418802 0.547135
vt 0.453574 0.475717
vt 0.467725 0.532099
vt 0.597411 0.458811
vt 0.583813 0.435848
vt 0.338956 0.431403
vt 0.571756 0.405655
vt 0.566458 0.369058
vt 0.336785 0.359713
vt 0.344927 0.288455
vt 0.572693 0.332889
vt 0.462840 0.253852
vt 0.583528 0.303660
vt 0.600689 0.279966
vt 0.481644 0.198848
vt 0.434145 0.179784
vt 0.363277 0.226550
vt 0.410331 0.172632
vt 0.386517 0.165480
vt 0.331281 0.035322
vt 0.327428 0.012923
vt 0.309634 0.047659
vt 0.305959 0.014792
vt 0.284490 0.016661
vt 0.283016 0.056210
vt 0.241178 0.019647
vt 0.253340 0.067104
vt 0.236751 0.071697
vt 0.115473 0.019666
vt 0.124105 0.046477
vt 0.221223 0.129767
vt 0.135085 0.086929
vt 0.137183 0.114110
vt 0.141317 0.137829
vt 0.143255 0.156271
vt 0.176989 0.182435
vt 0.094945 0.160769
vt 0.128018 0.230410
vt 0.058038 0.133317
vt 0.261241 0.108103
vt 0.282495 0.061290
vt 0.036345 0.124515
vt 0.048666 0.125125
vt 0.320219 0.123594
vt 0.309942 0.052628
vt 0.348290 0.115960
vt 0.332874 0.039204
vt 0.275801 0.138382
vt 0.250766 0.153297
vt 0.238902 0.181161
vt 0.207945 0.181798
vt 0.240126 0.218818
vt 0.248472 0.223427
vt 0.236129 0.238887
vt 0.231356 0.233840
vt 0.206548 0.246470
vt 0.177809 0.243963
vt 0.149240 0.255174
vt 0.119489 0.271489
vt 0.139520 0.283810
vt 0.126237 0.329843
vt 0.071383 0.248416
vt 0.012252 0.124581
vt 0.019100 0.254917
vt 0.067353 0.261834
vt 0.060242 0.293893
vt 0.064983 0.292604
vt 0.018361 0.298184
vt 0.058998 0.318643
vt 0.116899 0.355579
vt 0.047913 0.345430
vt 0.052970 0.322014
vt 0.017690 0.320239
vt 0.017019 0.342294
vt 0.037969 0.344716
vt 0.723937 0.738924
vt 0.717549 0.738226
vt 0.716670 0.740796
vt 0.724655 0.740585
vt 0.717602 0.744079
vt 0.720092 0.745322
vt 0.724468 0.743021
vt 0.723276 0.745278
vt 0.284927 0.265049
vt 0.278224 0.262594
vt 0.290441 0.210807
vt 0.269764 0.212349
vt 0.314273 0.175995
vt 0.297489 0.169243
vt 0.347312 0.135130
vt 0.969109 0.759996
vt 0.973064 0.768434
vt 0.961000 0.761998
vt 0.979082 0.755361
vt 0.968749 0.751103
vt 0.979031 0.768288
vt 0.649333 0.501552
vt 0.604383 0.501552
vt 0.664804 0.493191
vt 0.604305 0.493191
vt 0.968750 0.751103
vt 0.974662 0.554507
vt 0.954576 0.551018
vt 0.650054 0.501552
vt 0.664716 0.493191
vt 0.733612 0.836239
vt 0.732438 0.813986
vt 0.737146 0.834452
vt 0.745291 0.762771
vt 0.758819 0.764605
vt 0.778546 0.723640
vt 0.833601 0.708631
vt 0.833642 0.731376
vt 0.758821 0.764935
vt 0.833643 0.731443
vt 0.026335 0.735736
vt 0.013222 0.737169
vt 0.026335 0.709038
vt 0.013222 0.709857
vt 0.718902 0.939299
vt 0.720351 0.938926
vt 0.719940 0.937322
vt 0.718197 0.939276
vt 0.718740 0.940169
vt 0.718328 0.936530
vt 0.718155 0.940128
vt 0.717571 0.940111
vt 0.716648 0.937165
vt 0.717494 0.939232
vt 0.716089 0.938669
vt 0.026335 0.737400
vt 0.828336 0.016702
vt 0.686983 0.030908
vt 0.686047 0.017533
vt 0.822739 0.066943
vt 0.683458 0.041115
vt 0.797958 0.120565
vt 0.658175 0.058002
vt 0.781043 0.161835
vt 0.607742 0.522745
vt 0.625041 0.568537
vt 0.653410 0.568537
vt 0.675711 0.522745
vt 0.574802 0.017533
vt 0.573866 0.030908
vt 0.415947 0.016702
vt 0.438110 0.066943
vt 0.577390 0.041115
vt 0.451397 0.105414
vt 0.599719 0.059569
vt 0.468662 0.166341
vt 0.578660 0.522745
vt 0.549487 0.522745
vt 0.531436 0.568537
vt 0.601346 0.568537
vt 0.170792 0.977722
vt 0.165580 0.976407
vt 0.170792 0.976407
vt 0.165580 0.977722
vt 0.170792 0.978991
vt 0.165580 0.978991
vt 0.170792 0.981316
vt 0.165580 0.981316
vt 0.170792 0.982429
vt 0.165580 0.982429
vt 0.170792 0.983503
vt 0.165580 0.983503
vt 0.165580 0.985306
vt 0.170792 0.985306
vt 0.019965 0.443991
vt 0.018432 0.449714
vt 0.018432 0.443991
vt 0.019022 0.449714
vt 0.019966 0.449714
vt 0.021199 0.443991
vt 0.021448 0.443991
vt 0.021448 0.449714
vt 0.022418 0.443991
vt 0.022418 0.449714
vt 0.022841 0.443991
vt 0.023067 0.449714
vt 0.024625 0.443991
vt 0.024625 0.449714
vt 0.619184 0.239860
vt 0.616089 0.248109
vt 0.616089 0.239860
vt 0.619184 0.248109
vt 0.621938 0.239860
vt 0.621938 0.248109
vt 0.627518 0.239860
vt 0.627518 0.248109
vt 0.689927 0.556390
vt 0.689926 0.605360
vt 0.719293 0.556390
vt 0.719294 0.605360
vt 0.403857 0.038229
vt 0.365947 0.038229
vt 0.403857 0.017776
vt 0.365947 0.017776
vt 0.365947 0.092869
vt 0.417215 0.096509
vt 0.416850 0.120041
vt 0.365947 0.113030
vt 0.414830 0.094107
vt 0.689926 0.555607
vt 0.719294 0.555607
vt 0.972941 0.023822
vt 0.964505 0.006564
vt 0.965404 0.021861
vt 0.972941 0.012284
vt 0.982949 0.025319
vt 0.982949 0.014378
vt 0.752846 0.980179
vt 0.752941 0.975023
vt 0.749544 0.975023
vt 0.756191 0.975023
vt 0.756024 0.980179
vt 0.755812 0.984474
vt 0.759502 0.975023
vt 0.759741 0.984474
vt 0.760069 0.980179
vt 0.763041 0.975023
vt 0.764080 0.980179
vt 0.764602 0.984474
vt 0.768147 0.980179
vt 0.768190 0.984474
vt 0.772680 0.984474
vt 0.022030 0.019782
vt 0.018147 0.022057
vt 0.019927 0.022457
vt 0.018797 0.024145
vt 0.017721 0.023840
vt 0.016968 0.026300
vt 0.017025 0.023851
vt 0.017154 0.022087
vt 0.015745 0.019452
vt 0.418609 0.139843
vt 0.418301 0.139881
vt 0.418649 0.139939
vt 0.419498 0.139800
vt 0.419138 0.139713
vt 0.419602 0.139465
vt 0.420354 0.139312
vt 0.420102 0.139081
vt 0.420947 0.138945
vt 0.420516 0.138508
vt 0.420222 0.138342
vt 0.420921 0.137417
vt 0.420370 0.136744
vt 0.421381 0.136446
vt 0.420885 0.136086
vt 0.421572 0.136058
vt 0.421221 0.135869
vt 0.421681 0.135747
vt 0.421404 0.135708
vt 0.422170 0.135628
vt 0.421847 0.136238
vt 0.421640 0.136750
vt 0.421422 0.137758
vt 0.421347 0.139410
vt 0.420779 0.139741
vt 0.421152 0.140560
vt 0.420543 0.140468
vt 0.420603 0.139771
vt 0.420337 0.141247
vt 0.422306 0.135929
vt 0.422659 0.135690
vt 0.420723 0.141398
vt 0.420101 0.141821
vt 0.420299 0.141917
vt 0.419764 0.142542
vt 0.420414 0.141998
vt 0.420970 0.141462
vt 0.421484 0.140919
vt 0.421792 0.140478
vt 0.421930 0.139890
vt 0.422162 0.140714
vt 0.422402 0.139858
vt 0.422826 0.140126
vt 0.422518 0.140730
vt 0.423012 0.138919
vt 0.422036 0.139373
vt 0.421849 0.139224
vt 0.422035 0.139035
vt 0.422274 0.139270
vt 0.422515 0.138949
vt 0.423214 0.137941
vt 0.422628 0.138040
vt 0.422000 0.137988
vt 0.423114 0.137446
vt 0.423741 0.137226
vt 0.423322 0.136555
vt 0.422614 0.137572
vt 0.423014 0.136951
vt 0.423117 0.136143
vt 0.422094 0.137041
vt 0.422206 0.136556
vt 0.422601 0.137105
vt 0.422261 0.136257
vt 0.422598 0.136301
vt 0.422955 0.135733
vt 0.422862 0.136295
vt 0.659151 0.438907
vt 0.673314 0.463559
vt 0.668942 0.439251
vt 0.664524 0.394490
vt 0.643049 0.371982
vt 0.666645 0.351780
vt 0.645214 0.294382
vt 0.671388 0.297746
vt 0.659650 0.243687
vt 0.016000 0.051072
vt 0.016276 0.050616
vt 0.016110 0.050513
vt 0.016870 0.049803
vt 0.016907 0.049992
vt 0.017571 0.049530
vt 0.017484 0.049159
vt 0.018671 0.049114
vt 0.018446 0.048471
vt 0.019833 0.048691
vt 0.693061 0.302521
vt 0.682029 0.355860
vt 0.675421 0.397775
vt 0.640910 0.122115
vt 0.602298 0.113001
vt 0.656125 0.146745
vt 0.595309 0.153474
vt 0.560487 0.134704
vt 0.515993 0.168160
vt 0.044847 0.063663
vt 0.045181 0.065754
vt 0.045774 0.065028
vt 0.044375 0.064461
vt 0.044370 0.063125
vt 0.043979 0.063668
vt 0.043909 0.062832
vt 0.352444 0.158477
vt 0.318704 0.228890
vt 0.331676 0.235822
vt 0.286044 0.297954
vt 0.319403 0.307464
vt 0.307498 0.377379
vt 0.269098 0.371733
vt 0.307495 0.428180
vt 0.027038 0.782828
vt 0.027484 0.790765
vt 0.032139 0.786575
vt 0.032701 0.793150
vt 0.030123 0.794313
vt 0.033454 0.799375
vt 0.035406 0.794455
vt 0.036846 0.791112
vt 0.037748 0.784226
vt 0.064180 0.038674
vt 0.064230 0.039726
vt 0.065583 0.038715
vt 0.063772 0.039548
vt 0.062818 0.041423
vt 0.063529 0.037279
vt 0.063215 0.039466
vt 0.038952 0.046903
vt 0.038817 0.046919
vt 0.038920 0.047796
vt 0.038808 0.045480
vt 0.688071 0.266314
vt 0.691416 0.264990
vt 0.687695 0.263272
vt 0.690977 0.262338
vt 0.688097 0.259568
vt 0.693866 0.259530
vt 0.695981 0.261748
vt 0.694387 0.264582
vt 0.697382 0.259119
vt 0.698259 0.264257
vt 0.700678 0.261782
vt 0.700572 0.259279
vt 0.700907 0.264084
vt 0.704040 0.261841
vt 0.704058 0.259754
vt 0.703910 0.263139
vt 0.703638 0.264614
vt 0.707811 0.262115
vt 0.706517 0.260150
vt 0.709295 0.260956
vt 0.706493 0.263777
vt 0.705915 0.264575
vt 0.705447 0.265430
vt 0.709250 0.263624
vt 0.707966 0.265435
vt 0.711831 0.262951
vt 0.711928 0.262150
vt 0.711830 0.263759
vt 0.714649 0.264184
vt 0.707537 0.266036
vt 0.707197 0.266619
vt 0.709421 0.268224
vt 0.068129 0.023139
vt 0.067339 0.024095
vt 0.067668 0.023108
vt 0.068557 0.022181
vt 0.067821 0.022182
vt 0.068843 0.021176
vt 0.067773 0.021185
vt 0.068956 0.020279
vt 0.067548 0.020217
vt 0.069094 0.019000
vt 0.067264 0.020878
vt 0.066819 0.021502
vt 0.067179 0.021728
vt 0.066162 0.022254
vt 0.067644 0.019204
vt 0.068780 0.017860
vt 0.067511 0.018246
vt 0.069096 0.017838
vt 0.069002 0.016617
vt 0.058092 0.686534
vt 0.077969 0.688476
vt 0.053290 0.742527
vt 0.117754 0.657123
vt 0.066720 0.647769
vt 0.084681 0.603456
vt 0.125125 0.570100
vt 0.172473 0.641417
vt 0.172118 0.554252
vt 0.223710 0.641242
vt 0.223733 0.554238
vt 0.172474 0.641417
vt 0.066721 0.647769
vt 0.047009 0.741694
vt 0.052107 0.685737
vt 0.060940 0.645781
vt 0.080008 0.599689
vt 0.122124 0.564910
vt 0.171069 0.548345
vt 0.224764 0.548254
vt 0.247009 0.625764
vt 0.256030 0.610469
vt 0.256030 0.625764
vt 0.247009 0.610469
vt 0.260541 0.596370
vt 0.247009 0.588603
vt 0.265647 0.580049
vt 0.257358 0.577415
vt 0.265647 0.568456
vt 0.876249 0.719077
vt 0.868279 0.725753
vt 0.868279 0.718618
vt 0.874770 0.710381
vt 0.868279 0.710381
vt 0.881261 0.710381
vt 0.896977 0.652254
vt 0.895728 0.649722
vt 0.893608 0.651091
vt 0.892821 0.646839
vt 0.891715 0.647858
vt 0.889267 0.645096
vt 0.888776 0.646322
vt 0.885426 0.645106
vt 0.890591 0.648743
vt 0.885853 0.646311
vt 0.882869 0.647633
vt 0.881827 0.646556
vt 0.883939 0.648562
vt 0.880780 0.650723
vt 0.878770 0.649193
vt 0.877350 0.651601
vt 0.890856 0.651198
vt 0.888585 0.651273
vt 0.883515 0.650983
vt 0.885766 0.651167
vt 0.891088 0.653999
vt 0.893882 0.654258
vt 0.893474 0.656038
vt 0.888612 0.653780
vt 0.883089 0.653787
vt 0.880276 0.653879
vt 0.880576 0.655679
vt 0.885574 0.653677
vt 0.888520 0.655389
vt 0.890958 0.655618
vt 0.885566 0.655291
vt 0.883119 0.655415
vt 0.891858 0.656908
vt 0.892848 0.658347
vt 0.889157 0.658790
vt 0.889455 0.656999
vt 0.884537 0.656875
vt 0.884730 0.658703
vt 0.882138 0.656653
vt 0.881059 0.658035
vt 0.020218 0.374463
vt 0.118894 0.373589
vt 0.058067 0.418356
vt 0.014559 0.416780
vt 0.059778 0.055025
vt 0.059129 0.055836
vt 0.060004 0.056277
vt 0.058966 0.057508
vt 0.059953 0.057249
vt 0.059435 0.058441
vt 0.841001 0.764923
vt 0.848421 0.809681
vt 0.817867 0.792140
vt 0.924180 0.758359
vt 0.920559 0.771314
vt 0.827564 0.850934
vt 0.815467 0.828790
vt 0.768551 0.849077
vt 0.792633 0.823347
vt 0.787476 0.881666
vt 0.736073 0.915087
vt 0.720087 0.875429
vt 0.164535 0.727297
vt 0.212376 0.717148
vt 0.240234 0.677734
vt 0.309013 0.708984
vt 0.299979 0.759766
vt 0.220977 0.815447
vt 0.284582 0.888631
vt 0.219443 0.888873
vt 0.331246 0.884265
vt 0.326172 0.646484
vt 0.330893 0.608100
vt 0.388672 0.628046
vt 0.447082 0.581546
vt 0.371094 0.671394
vt 0.363728 0.754776
vt 0.450242 0.626999
vt 0.546877 0.630132
vt 0.550094 0.582411
vt 0.661707 0.608980
vt 0.451916 0.720156
vt 0.344176 0.823012
vt 0.378456 0.825012
vt 0.377873 0.885655
vt 0.378456 0.930018
vt 0.274090 0.917578
vt 0.309145 0.928502
vt 0.352935 0.984999
vt 0.281889 0.971371
vt 0.439031 0.991937
vt 0.451916 0.930018
vt 0.558704 0.991937
vt 0.452867 0.885655
vt 0.451916 0.825012
vt 0.545578 0.720156
vt 0.545578 0.825012
vt 0.544582 0.885655
vt 0.545578 0.930018
vt 0.618810 0.825012
vt 0.618810 0.720156
vt 0.618810 0.930018
vt 0.644800 0.984999
vt 0.691870 0.930750
vt 0.696296 0.885475
vt 0.619479 0.885655
vt 0.696989 0.823152
vt 0.694916 0.776594
vt 0.677234 0.720381
vt 0.657229 0.652619
vt 0.734010 0.706947
vt 0.715812 0.655905
vt 0.775888 0.649868
vt 0.792969 0.683594
vt 0.845256 0.671978
vt 0.836593 0.858523
vt 0.927376 0.778496
vt 0.935372 0.787679
vt 0.961179 0.814440
vt 0.915126 0.906694
vt 0.988208 0.968523
vt 0.879565 0.966573
vt 0.839246 0.913421
vt 0.797003 0.890798
vt 0.815324 0.958322
vt 0.741495 0.927994
vt 0.868279 0.702622
vt 0.874770 0.702622
vt 0.881261 0.702622
vt 0.736073 0.915136
vt 0.314333 0.575731
vt 0.325610 0.593846
vt 0.334383 0.592352
vt 0.332579 0.547239
vt 0.326837 0.507637
vt 0.267652 0.538019
vt 0.312398 0.459154
vt 0.262383 0.419996
vt 0.206910 0.519318
vt 0.207329 0.400952
vt 0.148779 0.520523
vt 0.146858 0.401336
vt 0.090107 0.539133
vt 0.092062 0.421113
vt 0.045175 0.461219
vt 0.025459 0.509581
vt 0.020328 0.552706
vt 0.053850 0.579856
vt 0.023200 0.612096
vt 0.033202 0.611733
vt 0.741511 0.927993
vt 0.151667 0.676633
vt 0.152488 0.675896
vt 0.152238 0.677884
vt 0.154267 0.678716
vt 0.154615 0.675252
vt 0.157331 0.678364
vt 0.156742 0.674877
vt 0.155704 0.680861
vt 0.158171 0.683169
vt 0.161060 0.674867
vt 0.161060 0.678937
vt 0.161060 0.684310
vt 0.164145 0.684569
vt 0.164145 0.678937
vt 0.164145 0.674867
vt 0.158212 0.683169
vt 0.157368 0.678364
vt 0.155743 0.680861
vt 0.156779 0.674877
vt 0.154648 0.675248
vt 0.154304 0.678716
vt 0.152516 0.675887
vt 0.152275 0.677884
vt 0.151704 0.676633
vt 0.287675 0.604678
vt 0.290371 0.602952
vt 0.288308 0.602052
vt 0.292092 0.599116
vt 0.288396 0.599197
vt 0.291653 0.596409
vt 0.289707 0.594440
vt 0.287163 0.594697
vt 0.031460 0.069720
vt 0.030440 0.069608
vt 0.030641 0.069799
vt 0.030470 0.070601
vt 0.030184 0.070554
vt 0.030062 0.075438
vt 0.487668 0.555415
vt 0.487618 0.560858
vt 0.484826 0.556884
vt 0.490907 0.559377
vt 0.493609 0.556593
vt 0.490722 0.554097
vt 0.493864 0.552352
vt 0.492598 0.549671
vt 0.288290 0.602063
vt 0.290394 0.602946
vt 0.287675 0.604677
vt 0.292095 0.599123
vt 0.288419 0.599173
vt 0.291656 0.596418
vt 0.289684 0.594446
vt 0.287161 0.594697
vt 0.489975 0.553452
vt 0.493825 0.552327
vt 0.495963 0.553557
vt 0.496330 0.550386
vt 0.498047 0.550589
vt 0.499222 0.552265
vt 0.498954 0.554030
vt 0.496573 0.555782
vt 0.488465 0.556723
vt 0.485121 0.553162
vt 0.482696 0.562657
vt 0.719075 0.335190
vt 0.771606 0.416417
vt 0.707147 0.412643
vt 0.777054 0.339728
vt 0.817540 0.414178
vt 0.748097 0.256639
vt 0.814257 0.342393
vt 0.804607 0.228204
vt 0.794224 0.187477
vt 0.818368 0.265899
vt 0.854577 0.132805
vt 0.831335 0.194781
vt 0.041363 0.025054
vt 0.040767 0.026396
vt 0.042187 0.025232
vt 0.041704 0.023504
vt 0.043182 0.023673
vt 0.041787 0.021828
vt 0.043763 0.021910
vt 0.042319 0.020146
vt 0.043954 0.020182
vt 0.041631 0.020250
vt 0.265647 0.580048
vt 0.265647 0.568455
vt 0.117837 0.691526
vt 0.080181 0.761327
vt 0.106730 0.747791
vt 0.104472 0.824703
vt 0.070312 0.789062
vt 0.074219 0.833984
vt 0.115967 0.878943
vt 0.095703 0.882812
vt 0.135409 0.917883
vt 0.846048 0.326119
vt 0.844843 0.244281
vt 0.984598 0.294709
vt 0.984598 0.236979
vt 0.984598 0.208007
vt 0.855950 0.211352
vt 0.984598 0.173810
vt 0.878996 0.172623
vt 0.984598 0.143068
vt 0.895323 0.138407
vt 0.984598 0.111487
vt 0.904146 0.107538
vt 0.984598 0.079482
vt 0.908234 0.084360
vt 0.890349 0.053915
vt 0.984598 0.050894
vt 0.846454 0.018593
vt 0.717762 0.467390
vt 0.698244 0.467390
vt 0.698244 0.474368
vt 0.717762 0.474368
vt 0.717762 0.481850
vt 0.698244 0.481850
vt 0.698244 0.488177
vt 0.717762 0.488177
vt 0.717762 0.495182
vt 0.698244 0.495182
vt 0.698244 0.474369
vt 0.717762 0.488191
vt 0.698244 0.488187
vt 0.987840 0.320568
vt 0.844517 0.354593
vt 0.989403 0.406407
vt 0.844517 0.414210
vt 0.977912 0.440519
vt 0.844517 0.444916
vt 0.954024 0.480594
vt 0.844517 0.479241
vt 0.937081 0.515953
vt 0.844517 0.510947
vt 0.927918 0.547849
vt 0.844517 0.543459
vt 0.923594 0.572050
vt 0.844517 0.575558
vt 0.942057 0.603405
vt 0.844517 0.605486
vt 0.987497 0.637627
vt 0.698244 0.488167
vt 0.717762 0.488163
vt 0.809086 0.602159
vt 0.809086 0.548080
vt 0.746148 0.602159
vt 0.746148 0.548080
vt 0.746148 0.490070
vt 0.809086 0.490070
vt 0.746148 0.437454
vt 0.809086 0.437454
vt 0.009883 0.831176
vt 0.054463 0.858955
vt 0.009883 0.853194
vt 0.052941 0.988108
vt 0.009883 0.988108
vt 0.106851 0.988108
vt 0.139382 0.988108
vt 0.253714 0.985647
vt 0.243022 0.981734
vt 0.244420 0.985724
vt 0.255120 0.981620
vt 0.245970 0.975837
vt 0.251794 0.975785
vt 0.907944 0.678361
vt 0.907944 0.720769
vt 0.976727 0.678361
vt 0.976727 0.720769
vt 0.701648 0.985021
vt 0.703794 0.986530
vt 0.702075 0.982926
vt 0.698769 0.982707
vt 0.698821 0.984648
vt 0.699688 0.980796
vt 0.695276 0.984288
vt 0.695881 0.982342
vt 0.697030 0.979999
vt 0.692581 0.983343
vt 0.693106 0.981584
vt 0.694501 0.978946
vt 0.690238 0.979783
vt 0.692344 0.977673
vt 0.691745 0.975467
vt 0.012163 0.074708
vt 0.012261 0.076030
vt 0.012593 0.076058
vt 0.012797 0.077210
vt 0.012759 0.076059
vt 0.012995 0.076055
vt 0.012611 0.075051
vt 0.013314 0.075246
vt 0.012860 0.075113
vt 0.012882 0.073800
vt 0.013762 0.074187
vt 0.013268 0.073857
vt 0.014083 0.072419
vt 0.013696 0.072215
vt 0.014270 0.073283
vt 0.014538 0.070998
vt 0.015078 0.072344
vt 0.016025 0.070285
vt 0.228926 0.304243
vt 0.241400 0.266508
vt 0.185780 0.273836
vt 0.259215 0.322651
vt 0.155477 0.313610
vt 0.196224 0.347078
vt 0.222122 0.371329
vt 0.163158 0.369111
vt 0.433221 0.150283
vt 0.433935 0.152137
vt 0.435377 0.150002
vt 0.431907 0.151505
vt 0.435063 0.152189
vt 0.432996 0.152737
vt 0.434666 0.154146
vt 0.132854 0.844239
vt 0.163955 0.846377
vt 0.141611 0.788392
vt 0.154991 0.885592
vt 0.147013 0.749144
vt 0.164337 0.900643
vt 0.185769 0.818913
vt 0.174106 0.898578
vt 0.869247 0.082357
vt 0.862994 0.076571
vt 0.859947 0.085384
vt 0.869247 0.074440
vt 0.861905 0.094876
vt 0.875500 0.076571
vt 0.876588 0.094876
vt 0.878546 0.085384
vt 0.875500 0.076574
vt 0.869247 0.074442
vt 0.862994 0.076573
vt 0.818362 0.639416
vt 0.824136 0.637909
vt 0.825557 0.639416
vt 0.827684 0.634550
vt 0.825320 0.634550
vt 0.825557 0.629453
vt 0.819584 0.637909
vt 0.818391 0.634550
vt 0.816011 0.634550
vt 0.824136 0.631029
vt 0.818362 0.629453
vt 0.819537 0.631029
s 1
usemtl mat_pas117_fixture_doll2large_base
f 1/1/1 2/2/2 3/3/3
f 4/3/4 5/2/5 6/1/6
f 7/4/7 8/5/8 9/6/9
f 10/7/10 11/8/11 12/4/12
f 13/9/13 14/10/14 15/11/15
f 13/9/13 15/11/15 16/12/16
f 15/11/15 17/13/17 16/12/16
f 18/14/18 17/13/17 15/11/15
f 17/13/17 18/14/18 19/15/19
f 19/15/19 18/14/18 20/16/20
f 20/16/20 21/17/21 19/15/19
f 22/18/22 23/19/23 24/20/24
f 25/21/25 22/18/22 24/20/24
f 25/21/25 26/22/26 22/18/22
f 22/18/22 26/22/26 27/23/27
f 28/24/28 27/23/27 26/22/26
f 29/25/29 27/23/27 28/24/28
f 28/24/28 30/26/30 29/25/29
f 31/27/31 32/28/32 33/29/33
f 33/29/33 32/28/32 34/30/34
f 33/29/33 34/30/34 35/31/35
f 35/31/35 34/30/34 36/32/36
f 35/31/35 36/32/36 37/33/37
f 37/33/37 36/32/36 38/34/38
f 37/33/37 38/34/38 39/35/39
f 38/34/38 40/36/40 39/35/39
f 38/34/38 41/37/41 40/36/40
f 42/38/42 41/37/41 38/34/38
f 42/38/42 43/39/43 41/37/41
f 44/40/44 43/39/43 42/38/42
f 45/41/45 43/39/43 44/40/44
f 44/40/44 46/42/46 45/41/45
f 46/42/46 47/43/47 45/41/45
f 48/44/32 49/45/31 50/46/48
f 50/46/48 49/45/31 51/47/49
f 50/46/48 51/47/49 52/48/50
f 52/48/50 51/47/49 53/49/51
f 53/49/51 54/50/52 52/48/50
f 55/51/53 54/50/52 53/49/51
f 55/51/53 56/52/54 54/50/52
f 54/50/52 56/52/54 57/53/55
f 56/52/54 58/54/56 57/53/55
f 59/55/57 58/54/56 56/52/54
f 58/54/56 59/55/57 60/56/47
f 61/57/46 58/54/56 60/56/47
f 62/58/58 63/59/59 64/60/60
f 62/58/58 65/61/61 63/59/59
f 66/62/62 63/59/59 65/61/61
f 63/59/59 66/62/62 67/63/63
f 68/64/64 66/62/62 65/61/61
f 67/63/63 66/62/62 69/65/65
f 66/62/62 68/64/64 69/65/65
f 70/66/66 69/65/65 68/64/64
f 71/67/67 72/68/68 73/69/69
f 74/70/70 71/67/67 73/69/69
f 71/67/67 74/70/70 75/71/71
f 76/72/72 75/71/71 74/70/70
f 77/73/73 78/74/74 79/75/75
f 78/74/74 80/76/76 79/75/75
f 80/76/76 81/77/77 79/75/75
f 82/78/78 81/77/77 80/76/76
f 82/78/78 83/79/79 81/77/77
f 84/80/80 81/77/77 83/79/79
f 81/77/77 84/80/80 85/81/81
f 79/75/75 81/77/77 85/81/81
f 85/81/81 84/80/80 86/82/54
f 87/83/82 85/81/81 86/82/54
f 88/84/83 85/81/81 87/83/82
f 88/84/83 87/83/82 89/85/84
f 89/85/84 87/83/82 90/86/51
f 90/86/51 91/87/85 89/85/84
f 92/88/49 91/87/85 90/86/51
f 92/88/49 93/89/86 91/87/85
f 94/90/87 91/87/85 93/89/86
f 95/91/88 91/87/85 94/90/87
f 96/92/89 91/87/85 95/91/88
f 89/85/84 91/87/85 96/92/89
f 97/93/90 96/92/89 95/91/88
f 98/94/91 96/92/89 97/93/90
f 99/95/92 100/96/91 101/97/93
f 101/97/93 100/96/91 102/98/90
f 103/99/94 101/97/93 102/98/90
f 103/99/94 104/100/95 101/97/93
f 103/99/94 105/101/87 104/100/95
f 104/100/95 105/101/87 106/102/96
f 106/102/96 105/101/87 107/103/97
f 105/101/87 108/104/98 107/103/97
f 109/105/99 107/103/97 108/104/98
f 107/103/97 109/105/99 110/106/100
f 110/106/100 109/105/99 111/107/101
f 112/108/102 110/106/100 111/107/101
f 113/109/103 110/106/100 112/108/102
f 114/110/64 110/106/100 113/109/103
f 114/110/64 115/111/104 110/106/100
f 116/112/61 115/111/104 114/110/64
f 117/113/105 115/111/104 116/112/61
f 118/114/58 117/113/105 116/112/61
f 107/103/97 110/106/100 119/115/106
f 106/102/96 107/103/97 119/115/106
f 106/102/96 119/115/106 120/116/107
f 121/117/45 117/113/105 118/114/58
f 121/117/45 118/114/58 122/118/43
f 123/119/108 120/116/107 119/115/106
f 124/120/109 120/116/107 123/119/108
f 123/119/108 125/121/110 124/120/109
f 125/121/110 126/122/111 124/120/109
f 127/123/112 123/119/108 119/115/106
f 128/124/113 119/115/106 110/106/100
f 119/115/106 128/124/113 127/123/112
f 128/124/113 110/106/100 129/125/114
f 115/111/104 130/126/115 110/106/100
f 130/126/115 129/125/114 110/106/100
f 130/126/115 131/127/116 129/125/114
f 131/127/116 132/128/117 129/125/114
f 131/127/116 133/129/118 132/128/117
f 134/130/119 133/129/118 131/127/116
f 115/111/104 134/130/119 130/126/115
f 131/127/116 130/126/115 134/130/119
f 115/111/104 135/131/120 134/130/119
f 135/131/120 133/129/118 134/130/119
f 115/111/104 136/132/121 135/131/120
f 115/111/104 117/113/105 136/132/121
f 137/133/122 136/132/121 117/113/105
f 137/133/122 117/113/105 138/134/123
f 139/135/124 137/133/122 138/134/123
f 139/135/124 138/134/123 140/136/125
f 141/137/126 117/113/105 121/117/45
f 141/137/126 138/134/123 117/113/105
f 142/138/127 141/137/126 121/117/45
f 143/139/128 141/137/126 142/138/127
f 141/137/126 143/139/128 144/140/129
f 140/136/125 138/134/123 144/140/129
f 138/134/123 141/137/126 144/140/129
f 144/140/129 143/139/128 145/141/130
f 146/142/131 140/136/125 144/140/129
f 143/139/128 147/143/132 145/141/130
f 146/142/131 148/144/133 140/136/125
f 149/145/134 140/136/125 148/144/133
f 150/146/135 149/145/134 148/144/133
f 145/141/130 147/143/132 151/147/136
f 147/143/132 152/148/74 151/147/136
f 152/148/74 153/149/73 151/147/136
f 153/149/73 154/150/137 151/147/136
f 155/151/138 156/152/139 157/153/140
f 158/154/141 155/151/138 157/153/140
f 159/155/142 158/154/141 157/153/140
f 158/154/141 159/155/142 160/156/143
f 161/157/144 158/154/141 160/156/143
f 162/158/145 161/157/144 160/156/143
f 163/159/146 164/160/146 165/161/147
f 165/161/147 164/160/146 166/162/148
f 166/162/148 167/163/149 165/161/147
f 168/164/150 167/163/149 166/162/148
f 169/165/151 167/163/149 168/164/150
f 170/166/152 171/167/153 172/168/154
f 170/166/152 173/169/155 171/167/153
f 174/170/156 173/169/155 170/166/152
f 175/171/157 171/167/153 173/169/155
f 176/172/158 177/173/159 178/174/135
f 178/174/135 177/173/159 179/175/160
f 173/169/155 180/167/161 175/171/157
f 173/169/155 181/166/162 180/167/161
f 181/166/162 182/168/163 180/167/161
f 181/166/162 173/169/155 183/176/164
f 184/153/165 185/152/166 186/151/167
f 187/154/168 184/153/165 186/151/167
f 188/155/169 184/153/165 187/154/168
f 187/154/168 189/157/170 188/155/169
f 188/155/169 189/157/170 190/156/171
f 190/156/171 189/157/170 191/158/172
f 192/72/173 193/70/174 194/71/175
f 195/177/176 194/71/175 193/70/174
f 193/70/174 196/69/177 195/177/176
f 195/177/176 196/69/177 197/178/178
f 198/161/179 199/160/180 200/159/181
f 201/162/182 199/160/180 198/161/179
f 201/162/182 198/161/179 202/164/183
f 202/164/183 198/161/179 203/163/184
f 204/165/185 202/164/183 203/163/184
f 205/173/173 206/179/175 207/175/110
f 207/175/110 206/179/175 208/180/186
f 209/181/187 210/182/188 211/183/135
f 212/184/189 211/183/135 210/182/188
f 213/185/190 211/183/135 212/184/189
f 213/185/190 212/184/189 214/186/191
f 215/187/192 213/185/190 214/186/191
f 216/188/193 213/185/190 215/187/192
f 217/181/194 218/183/186 219/182/195
f 218/183/186 220/184/196 219/182/195
f 221/189/197 220/184/196 218/183/186
f 221/189/197 222/187/198 223/186/199
f 221/189/197 223/186/199 220/184/196
f 224/190/200 222/187/198 221/189/197
f 225/191/178 226/192/201 227/193/176
f 228/194/202 227/193/176 226/192/201
f 229/195/158 230/196/135 231/197/190
f 232/198/203 229/195/158 231/197/190
f 233/199/204 229/195/158 232/198/203
f 232/198/203 231/197/190 234/200/193
f 235/201/202 233/199/204 232/198/203
f 232/198/203 236/202/176 235/201/202
f 232/198/203 234/200/193 237/203/205
f 232/198/203 237/203/205 238/204/175
f 236/202/176 232/198/203 238/204/175
f 238/204/175 237/203/205 239/205/186
f 240/206/68 241/193/206 226/192/201
f 228/194/202 226/192/201 241/193/206
f 242/207/207 243/208/208 244/209/209
f 245/210/210 243/208/208 242/207/207
f 246/211/211 243/208/208 245/210/210
f 246/211/211 245/210/210 247/212/212
f 247/212/212 248/213/213 246/211/211
f 247/212/212 249/214/214 248/213/213
f 250/215/215 251/216/216 252/217/217
f 250/215/215 252/217/217 253/218/218
f 254/219/219 255/220/220 256/221/207
f 256/221/207 255/220/220 257/222/221
f 257/222/221 255/220/220 258/223/222
f 259/224/223 257/222/221 258/223/222
f 258/223/222 260/225/213 259/224/223
f 260/225/213 261/226/224 259/224/223
f 262/227/225 263/228/226 264/229/215
f 265/230/218 262/227/225 264/229/215
f 266/231/227 267/232/228 268/233/229
f 269/234/230 267/232/228 266/231/227
f 266/231/227 270/235/231 269/234/230
f 269/234/230 270/235/231 271/236/232
f 272/237/233 271/236/232 270/235/231
f 273/238/234 271/236/232 272/237/233
f 272/237/233 274/239/235 273/238/234
f 273/238/234 274/239/235 275/240/236
f 276/241/237 275/240/236 274/239/235
f 277/242/238 275/240/236 276/241/237
f 277/242/238 276/241/237 278/243/239
f 278/243/239 276/241/237 279/244/240
f 280/245/241 281/246/242 282/247/243
f 283/248/244 281/246/242 280/245/241
f 283/248/244 280/245/241 284/249/245
f 284/249/245 280/245/241 285/250/246
f 286/251/247 284/249/245 285/250/246
f 287/252/248 284/249/245 286/251/247
f 288/253/249 287/252/248 286/251/247
f 287/252/248 288/253/249 289/254/250
f 290/255/251 289/254/250 288/253/249
f 291/256/252 289/254/250 290/255/251
f 292/257/253 291/256/252 290/255/251
f 291/256/252 292/257/253 293/258/254
f 294/259/244 295/260/229 296/261/254
f 297/262/227 295/260/229 294/259/244
f 294/259/244 298/263/245 297/262/227
f 297/262/227 298/263/245 299/264/231
f 300/265/255 299/264/231 298/263/245
f 301/266/233 299/264/231 300/265/255
f 302/264/237 303/265/254 304/266/240
f 305/263/252 303/265/254 302/264/237
f 302/264/237 306/262/235 305/263/252
f 305/263/252 306/262/235 307/259/250
f 308/260/256 307/259/250 306/262/235
f 309/261/248 307/259/250 308/260/256
f 310/233/257 311/232/258 312/231/259
f 312/231/259 311/232/258 313/234/260
f 313/234/260 314/235/261 312/231/259
f 315/236/262 314/235/261 313/234/260
f 314/235/261 315/236/262 316/237/263
f 316/237/263 315/236/262 317/238/264
f 317/238/264 318/239/265 316/237/263
f 319/240/266 318/239/265 317/238/264
f 318/239/265 319/240/266 320/241/267
f 320/241/267 319/240/266 321/242/268
f 322/243/269 320/241/267 321/242/268
f 323/244/270 320/241/267 322/243/269
f 324/247/271 325/246/272 326/245/273
f 326/245/273 325/246/272 327/248/274
f 328/249/275 326/245/273 327/248/274
f 329/250/276 326/245/273 328/249/275
f 329/250/276 328/249/275 330/251/277
f 330/251/277 328/249/275 331/252/278
f 330/251/277 331/252/278 332/253/279
f 333/254/280 332/253/279 331/252/278
f 332/253/279 333/254/280 334/255/281
f 334/255/281 333/254/280 335/256/282
f 334/255/281 335/256/282 336/257/283
f 337/258/284 336/257/283 335/256/282
f 338/261/284 339/260/257 340/259/274
f 340/259/274 339/260/257 341/262/259
f 341/262/259 342/263/275 340/259/274
f 343/264/285 342/263/275 341/262/259
f 342/263/275 343/264/285 344/265/286
f 344/265/286 343/264/285 345/266/263
f 346/266/270 347/265/284 348/264/267
f 348/264/267 347/265/284 349/263/282
f 349/263/282 350/262/265 348/264/267
f 351/259/280 350/262/265 349/263/282
f 350/262/265 351/259/280 352/260/287
f 352/260/287 351/259/280 353/261/286
s 0
f 354/267/288 355/268/288 356/269/288
f 356/269/288 355/268/288 357/270/288
f 358/271/289 359/272/289 360/273/289
f 360/273/289 359/272/289 361/274/289
s 1
f 362/275/290 363/276/290 364/274/290
f 364/274/290 363/276/290 365/273/290
s 0
f 366/276/291 367/275/291 368/277/291
f 368/277/291 367/275/291 369/278/291
s 1
f 370/274/292 371/273/292 372/275/293
f 372/275/293 371/273/292 373/279/292
s 0
f 374/268/294 375/270/294 376/280/294
f 376/280/294 375/270/294 377/281/294
s 1
f 378/282/295 379/283/296 380/284/296
f 381/285/297 379/283/296 378/282/295
f 382/286/298 381/285/297 378/282/295
f 383/287/299 381/285/297 382/286/298
f 384/288/300 385/289/301 386/290/302
f 384/288/300 387/291/303 385/289/301
f 388/292/304 387/291/303 384/288/300
f 389/293/305 388/292/304 384/288/300
f 388/292/304 390/294/306 387/291/303
f 389/293/305 391/295/307 388/292/304
f 388/292/304 391/295/307 392/296/308
f 392/296/308 390/294/306 388/292/304
f 392/296/308 393/297/309 390/294/306
f 394/298/310 393/297/309 392/296/308
f 391/295/307 394/298/310 392/296/308
f 395/299/311 394/298/310 391/295/307
f 394/298/310 396/300/312 393/297/309
f 394/298/310 397/301/313 396/300/312
f 395/299/311 397/301/313 394/298/310
f 397/301/313 398/302/314 396/300/312
f 399/303/315 400/304/316 401/305/317
f 400/304/316 402/306/318 401/305/317
f 403/307/319 402/306/318 400/304/316
f 404/308/320 402/306/318 403/307/319
f 404/308/320 403/307/319 405/309/321
f 406/310/322 403/307/319 400/304/316
f 405/309/321 403/307/319 406/310/322
f 407/311/323 406/310/322 400/304/316
f 408/312/324 409/313/325 410/314/326
f 411/315/327 408/312/324 410/314/326
f 412/316/328 408/312/324 411/315/327
f 413/317/329 412/316/328 411/315/327
f 414/318/330 413/317/329 411/315/327
f 415/319/331 413/317/329 414/318/330
f 414/318/330 416/320/332 415/319/331
f 415/319/331 416/320/332 417/321/333
f 417/321/333 418/322/334 415/319/331
f 419/323/335 418/322/334 417/321/333
f 416/320/332 419/323/335 417/321/333
f 420/324/336 418/322/334 419/323/335
f 421/325/337 420/324/336 419/323/335
f 422/326/338 420/324/336 421/325/337
f 423/327/339 422/326/338 421/325/337
f 424/328/340 422/326/338 423/327/339
f 425/329/341 424/328/340 423/327/339
f 426/330/342 424/328/340 425/329/341
f 425/329/341 423/327/339 427/331/343
f 423/327/339 421/325/337 428/332/344
f 427/331/343 423/327/339 428/332/344
f 428/332/344 421/325/337 429/333/345
f 421/325/337 419/323/335 429/333/345
f 429/333/345 419/323/335 430/334/346
f 430/334/346 419/323/335 416/320/332
f 431/335/347 430/334/346 416/320/332
f 431/335/347 416/320/332 432/336/348
f 431/335/347 432/336/348 433/337/349
f 434/338/350 433/337/349 432/336/348
f 432/336/348 435/339/351 434/338/350
f 434/338/350 436/340/352 433/337/349
f 427/331/343 428/332/344 437/341/353
f 438/342/354 427/331/343 437/341/353
f 433/337/349 436/340/352 439/343/355
f 436/340/352 440/344/356 439/343/355
f 439/343/355 440/344/356 441/345/357
f 442/346/358 441/345/357 440/344/356
f 442/346/358 443/347/359 441/345/357
f 439/343/355 441/345/357 444/348/360
f 444/348/360 441/345/357 443/347/359
f 433/337/349 439/343/355 445/349/361
f 445/349/361 439/343/355 444/348/360
f 445/349/361 446/350/362 433/337/349
f 447/351/363 431/335/347 433/337/349
f 446/350/362 447/351/363 433/337/349
f 446/350/362 448/352/364 447/351/363
f 449/353/365 447/351/363 448/352/364
f 449/353/365 448/352/364 450/354/366
f 448/352/364 451/355/367 450/354/366
f 450/354/366 452/356/368 449/353/365
f 447/351/363 449/353/365 453/357/369
f 447/351/363 453/357/369 431/335/347
f 431/335/347 453/357/369 454/358/370
f 430/334/346 431/335/347 455/359/371
f 454/358/370 455/359/371 431/335/347
f 453/357/369 449/353/365 456/360/372
f 449/353/365 457/361/373 456/360/372
f 449/353/365 452/356/368 457/361/373
f 452/356/368 458/362/374 457/361/373
f 457/361/373 459/363/375 456/360/372
f 455/359/371 456/360/372 459/363/375
f 457/361/373 458/362/374 459/363/375
f 460/364/376 455/359/371 459/363/375
f 460/364/376 429/333/345 430/334/346
f 460/364/376 430/334/346 455/359/371
f 461/365/377 459/363/375 458/362/374
f 458/362/374 462/366/378 461/365/377
f 462/366/378 463/367/379 461/365/377
f 464/368/380 460/364/376 459/363/375
f 464/368/380 459/363/375 461/365/377
f 465/369/381 464/368/380 461/365/377
f 463/367/379 465/369/381 461/365/377
f 465/369/381 463/367/379 466/370/382
f 460/364/376 464/368/380 467/371/383
f 467/371/383 429/333/345 460/364/376
f 428/332/344 429/333/345 468/372/384
f 468/372/384 429/333/345 467/371/383
f 469/373/385 467/371/383 464/368/380
f 469/373/385 464/368/380 465/369/381
f 468/372/384 467/371/383 469/373/385
f 437/341/353 428/332/344 470/374/386
f 470/374/386 428/332/344 468/372/384
f 470/374/386 468/372/384 471/375/387
f 437/341/353 470/374/386 471/375/387
f 471/375/387 469/373/385 465/369/381
f 471/375/387 438/342/354 437/341/353
f 471/375/387 468/372/384 469/373/385
f 472/376/388 438/342/354 466/370/382
f 471/375/387 465/369/381 473/377/389
f 438/342/354 471/375/387 473/377/389
f 465/369/381 466/370/382 473/377/389
f 466/370/382 438/342/354 473/377/389
f 474/378/390 475/379/391 476/380/392
f 477/381/393 474/378/390 476/380/392
f 478/382/394 474/378/390 477/381/393
f 479/383/395 478/382/394 477/381/393
f 480/384/330 478/382/394 479/383/395
f 481/385/348 480/384/330 479/383/395
f 481/385/348 482/386/396 480/384/330
f 483/387/397 484/388/398 485/389/399
f 484/388/398 486/390/400 485/389/399
f 487/391/401 486/390/400 484/388/398
f 488/392/402 486/390/400 487/391/401
f 489/393/403 486/390/400 488/392/402
f 490/394/404 489/393/403 488/392/402
f 491/395/405 489/393/403 490/394/404
f 490/394/404 492/396/406 491/395/405
f 493/385/407 494/383/408 495/397/409
f 495/397/409 494/383/408 496/398/410
f 494/383/408 497/381/411 496/398/410
f 496/398/410 497/381/411 498/399/400
f 497/381/411 499/380/412 498/399/400
f 500/400/413 501/401/414 502/402/415
f 503/403/416 502/402/415 501/401/414
f 501/401/414 504/404/368 503/403/416
f 504/404/368 505/405/417 503/403/416
f 506/406/338 507/407/378 508/408/336
f 509/409/379 507/407/378 506/406/338
f 510/410/340 509/409/379 506/406/338
f 511/411/418 509/409/379 510/410/340
f 512/412/419 511/411/418 510/410/340
f 513/413/358 514/414/420 515/415/359
f 516/416/421 515/415/359 514/414/420
f 517/417/360 515/415/359 516/416/421
f 518/418/361 517/417/360 516/416/421
f 519/419/422 518/418/361 516/416/421
f 518/418/361 519/419/422 520/420/423
f 521/421/424 522/422/425 523/423/364
f 522/422/425 524/424/426 523/423/364
f 525/425/427 524/424/426 522/422/425
f 526/426/428 524/424/426 525/425/427
f 526/426/428 527/427/429 524/424/426
f 523/423/364 524/424/426 528/428/430
f 524/424/426 527/427/429 528/428/430
f 529/429/367 523/423/364 528/428/430
f 530/430/431 531/431/432 532/432/433
f 533/433/434 531/431/432 530/430/431
f 534/434/435 531/431/432 533/433/434
f 535/435/436 533/433/434 530/430/431
f 534/434/435 533/433/434 536/436/437
f 536/436/437 533/433/434 535/435/436
f 537/437/438 538/438/439 539/439/440
f 538/438/439 537/437/438 540/440/441
f 541/441/442 542/442/443 543/443/444
f 543/443/444 542/442/443 544/444/445
f 545/445/446 543/443/444 544/444/445
f 546/446/447 545/445/446 544/444/445
f 542/442/443 547/447/448 544/444/445
f 547/447/448 546/446/447 544/444/445
f 548/448/449 547/447/448 542/442/443
f 546/446/447 547/447/448 549/449/450
f 548/448/449 550/450/451 547/447/448
f 550/450/451 551/451/452 547/447/448
f 551/451/452 549/449/450 547/447/448
f 552/452/453 549/449/450 551/451/452
f 553/453/454 551/451/452 550/450/451
f 554/454/455 552/452/453 551/451/452
f 555/455/456 552/452/453 554/454/455
f 556/456/457 554/454/455 551/451/452
f 553/453/454 556/456/457 551/451/452
f 557/457/458 556/456/457 553/453/454
f 558/458/459 555/455/456 554/454/455
f 559/459/460 555/455/456 558/458/459
f 560/460/461 559/459/460 558/458/459
f 556/456/457 561/461/462 554/454/455
f 561/461/462 558/458/459 554/454/455
f 562/462/463 561/461/462 556/456/457
f 557/457/458 562/462/463 556/456/457
f 563/463/464 562/462/463 557/457/458
f 564/464/465 558/458/459 561/461/462
f 562/462/463 565/465/466 561/461/462
f 564/464/465 566/466/467 558/458/459
f 566/466/467 560/460/461 558/458/459
f 567/467/468 560/460/461 566/466/467
f 568/468/469 566/466/467 564/464/465
f 568/468/469 569/469/470 566/466/467
f 569/469/470 567/467/468 566/466/467
f 570/470/471 565/465/466 562/462/463
f 563/463/464 570/470/471 562/462/463
f 571/471/472 570/470/471 563/463/464
f 571/471/472 572/472/473 570/470/471
f 572/472/473 565/465/466 570/470/471
f 573/473/474 574/474/475 575/475/476
f 575/475/476 576/476/477 573/473/474
f 577/477/478 576/476/477 575/475/476
f 577/477/478 578/478/479 576/476/477
f 579/479/480 578/478/479 577/477/478
f 578/478/479 579/479/480 580/480/481
f 579/479/480 581/481/482 580/480/481
f 581/481/482 582/482/483 580/480/481
f 581/481/482 579/479/480 583/483/484
f 583/483/484 579/479/480 584/484/485
f 584/484/485 579/479/480 585/485/486
f 585/485/486 586/486/487 584/484/485
f 587/487/488 582/482/483 581/481/482
f 587/487/488 588/488/489 582/482/483
f 589/489/490 588/488/489 587/487/488
f 588/488/489 590/490/440 582/482/483
f 590/490/440 588/488/489 591/491/491
f 592/492/492 593/493/493 594/494/494
f 593/493/493 592/492/492 595/495/495
f 595/495/495 592/492/492 596/496/496
f 595/495/495 596/496/496 597/497/497
f 595/495/495 597/497/497 598/498/498
f 595/495/495 598/498/498 599/499/499
f 599/499/499 598/498/498 600/500/500
f 601/501/499 602/502/500 603/503/501
f 603/503/501 602/502/500 604/500/502
f 604/500/502 605/495/503 603/503/501
f 606/498/504 605/495/503 604/500/502
f 607/497/505 605/495/503 606/498/504
f 608/504/506 605/495/503 607/497/505
f 608/504/506 609/493/507 605/495/503
f 610/492/508 609/493/507 608/504/506
f 610/492/508 611/494/509 609/493/507
f 612/494/510 613/505/511 614/492/512
f 613/505/511 615/506/513 614/492/512
f 615/506/513 616/507/514 614/492/512
f 614/492/512 616/507/514 617/496/515
f 616/507/514 618/508/516 617/496/515
f 617/496/515 618/508/516 619/497/517
f 618/508/516 620/509/518 619/497/517
f 619/497/517 620/509/518 621/498/519
f 620/509/518 622/510/520 621/498/519
f 621/498/519 622/510/520 623/500/520
f 624/510/521 625/502/520 626/511/520
f 627/500/522 625/502/520 624/510/521
f 627/500/522 624/510/521 628/498/523
f 628/498/523 624/510/521 629/509/524
f 628/498/523 629/509/524 630/497/525
f 630/497/525 629/509/524 631/508/526
f 630/497/525 631/508/526 632/504/527
f 632/504/527 631/508/526 633/507/528
f 632/504/527 633/507/528 634/492/529
f 634/492/529 633/507/528 635/506/530
f 634/492/529 635/506/530 636/505/531
f 634/492/529 636/505/531 637/494/532
f 638/512/533 639/513/534 640/514/535
f 641/515/536 639/513/534 638/512/533
f 641/515/536 642/516/537 639/513/534
f 643/517/538 642/516/537 641/515/536
f 643/517/538 644/518/539 642/516/537
f 644/518/539 643/517/538 645/519/540
f 646/520/8 644/518/539 645/519/540
f 647/521/541 648/522/10 649/523/542
f 647/521/541 649/523/542 650/524/543
f 650/524/543 649/523/542 651/525/544
f 652/526/545 647/521/541 650/524/543
f 653/527/546 654/528/547 655/529/548
f 654/528/547 656/530/549 655/529/548
f 655/529/548 656/530/549 657/531/550
f 658/532/551 657/531/550 656/530/549
f 659/533/552 657/531/550 658/532/551
f 660/534/553 659/533/552 658/532/551
f 657/531/550 661/535/554 655/529/548
f 659/533/552 661/535/554 657/531/550
f 662/536/555 659/533/552 660/534/553
f 660/534/553 663/537/556 662/536/555
f 664/538/557 663/537/556 660/534/553
f 663/537/556 665/539/558 662/536/555
f 666/540/559 665/539/558 663/537/556
f 663/537/556 664/538/557 666/540/559
f 666/540/559 664/538/557 667/541/560
f 666/540/559 667/541/560 668/542/561
f 655/529/548 661/535/554 669/543/562
f 669/543/562 661/535/554 670/544/563
f 671/545/564 665/539/558 666/540/559
f 672/546/565 665/539/558 671/545/564
f 669/543/562 673/547/566 655/529/548
f 673/547/566 674/548/567 655/529/548
f 673/547/566 675/549/568 674/548/567
f 672/546/565 676/550/569 670/544/563
f 669/543/562 676/550/569 673/547/566
f 670/544/563 676/550/569 669/543/562
f 671/545/564 666/540/559 677/551/570
f 666/540/559 678/552/571 677/551/570
f 678/552/571 679/553/572 677/551/570
f 680/554/573 676/550/569 672/546/565
f 677/551/570 680/554/573 671/545/564
f 671/545/564 680/554/573 672/546/565
f 680/554/573 681/555/574 676/550/569
f 676/550/569 681/555/574 673/547/566
f 673/547/566 681/555/574 682/556/575
f 682/556/575 675/549/568 673/547/566
f 677/551/570 683/557/576 680/554/573
f 683/557/576 681/555/574 680/554/573
f 684/558/577 683/557/576 677/551/570
f 677/551/570 679/553/572 684/558/577
f 682/556/575 685/559/578 675/549/568
f 685/559/578 686/560/579 675/549/568
f 685/559/578 687/561/580 686/560/579
f 682/556/575 681/555/574 688/562/581
f 682/556/575 688/562/581 685/559/578
f 683/557/576 688/562/581 681/555/574
f 688/562/581 687/561/580 685/559/578
f 689/563/582 687/561/580 688/562/581
f 689/563/582 683/557/576 684/558/577
f 689/563/582 688/562/581 683/557/576
f 690/564/583 687/561/580 689/563/582
f 684/558/577 691/565/584 689/563/582
f 689/563/582 691/565/584 690/564/583
f 684/558/577 679/553/572 691/565/584
f 679/553/572 692/566/585 691/565/584
f 692/566/585 690/564/583 691/565/584
f 693/567/579 694/568/580 695/569/586
f 695/569/586 696/570/587 693/567/579
f 697/571/588 698/572/580 699/573/589
f 698/572/580 700/574/583 699/573/589
f 699/573/589 700/574/583 701/575/590
f 701/575/590 700/574/583 702/576/591
f 703/577/592 704/578/593 705/579/594
f 703/577/592 706/580/595 704/578/593
f 707/581/596 704/578/593 706/580/595
f 708/582/597 704/578/593 707/581/596
f 708/582/597 709/583/598 704/578/593
f 709/583/598 708/582/597 710/584/599
f 711/585/600 709/583/598 710/584/599
f 712/586/601 710/584/599 708/582/597
f 713/587/579 710/584/599 712/586/601
f 714/588/602 710/584/599 713/587/579
f 715/589/603 716/590/604 717/591/605
f 717/591/605 716/590/604 718/592/606
f 716/590/604 719/593/607 718/592/606
f 720/594/608 719/593/607 716/590/604
f 720/594/608 721/595/609 719/593/607
f 722/596/610 721/595/609 720/594/608
f 721/595/609 723/597/611 719/593/607
f 724/598/612 717/591/605 718/592/606
f 725/599/613 717/591/605 724/598/612
f 725/599/613 724/598/612 726/600/614
f 727/601/615 725/599/613 726/600/614
f 728/602/616 726/600/614 724/598/612
f 728/602/616 724/598/612 718/592/606
f 729/603/617 728/602/616 718/592/606
f 719/593/607 729/603/617 718/592/606
f 726/600/614 730/604/618 727/601/615
f 728/602/616 730/604/618 726/600/614
f 731/605/619 727/601/615 730/604/618
f 732/606/620 727/601/615 731/605/619
f 731/605/619 733/607/621 732/606/620
f 728/602/616 729/603/617 734/608/622
f 730/604/618 734/608/622 731/605/619
f 728/602/616 734/608/622 730/604/618
f 719/593/607 723/597/611 735/609/623
f 735/609/623 729/603/617 719/593/607
f 735/609/623 736/610/624 729/603/617
f 734/608/622 729/603/617 736/610/624
f 735/609/623 737/611/625 736/610/624
f 723/597/611 737/611/625 735/609/623
f 723/597/611 738/612/626 737/611/625
f 739/613/627 738/612/626 723/597/611
f 740/614/628 738/612/626 739/613/627
f 740/614/628 741/615/629 738/612/626
f 740/614/628 742/616/630 741/615/629
f 741/615/629 743/617/631 738/612/626
f 737/611/625 738/612/626 744/618/632
f 743/617/631 744/618/632 738/612/626
f 744/618/632 743/617/631 745/619/633
f 746/620/634 737/611/625 744/618/632
f 737/611/625 746/620/634 736/610/624
f 746/620/634 747/621/635 736/610/624
f 747/621/635 734/608/622 736/610/624
f 734/608/622 747/621/635 748/622/636
f 734/608/622 748/622/636 731/605/619
f 747/621/635 749/623/637 748/622/636
f 747/621/635 746/620/634 749/623/637
f 746/620/634 750/624/638 749/623/637
f 746/620/634 744/618/632 750/624/638
f 744/618/632 751/625/639 750/624/638
f 751/625/639 744/618/632 745/619/633
f 748/622/636 749/623/637 752/626/640
f 749/623/637 750/624/638 752/626/640
f 753/627/641 748/622/636 752/626/640
f 748/622/636 753/627/641 731/605/619
f 754/628/642 751/625/639 745/619/633
f 755/629/643 754/628/642 745/619/633
f 755/629/643 756/630/644 754/628/642
f 754/628/642 756/630/644 757/631/645
f 750/624/638 751/625/639 758/632/646
f 751/625/639 754/628/642 758/632/646
f 758/632/646 754/628/642 757/631/645
f 750/624/638 758/632/646 752/626/640
f 759/633/647 752/626/640 758/632/646
f 757/631/645 759/633/647 758/632/646
f 752/626/640 760/634/648 753/627/641
f 752/626/640 759/633/647 760/634/648
f 761/635/649 753/627/641 760/634/648
f 753/627/641 762/636/650 731/605/619
f 753/627/641 761/635/649 762/636/650
f 762/636/650 733/607/621 731/605/619
f 763/637/444 762/636/650 761/635/649
f 762/636/650 763/637/444 764/638/651
f 733/607/621 762/636/650 764/638/651
f 764/638/651 763/637/444 765/639/652
f 765/639/652 733/607/621 764/638/651
f 766/640/653 765/639/652 763/637/444
f 767/641/654 765/639/652 766/640/653
f 768/642/597 769/643/511 770/644/510
f 768/642/597 770/644/510 771/645/546
f 772/646/655 768/642/597 771/645/546
f 771/645/546 773/647/656 772/646/655
f 772/646/655 773/647/656 774/648/567
f 775/649/657 772/646/655 774/648/567
f 775/649/657 768/642/597 772/646/655
f 768/642/597 775/649/657 776/650/601
f 775/649/657 774/648/567 777/651/658
f 776/650/601 775/649/657 777/651/658
f 778/652/579 776/650/601 777/651/658
f 779/523/659 780/522/540 781/521/538
f 782/524/660 779/523/659 781/521/538
f 783/525/661 779/523/659 782/524/660
f 783/525/661 782/524/660 784/653/662
f 785/526/663 782/524/660 781/521/538
f 784/653/662 782/524/660 786/654/543
f 782/524/660 785/526/663 786/654/543
f 786/654/543 785/526/663 787/655/664
f 788/656/585 789/584/665 790/588/666
f 791/586/667 789/584/665 788/656/585
f 792/582/668 789/584/665 791/586/667
f 789/584/665 792/582/668 793/585/669
f 793/585/669 792/582/668 794/583/670
f 795/578/671 794/583/670 792/582/668
f 792/582/668 796/581/654 795/578/671
f 796/581/654 797/580/672 795/578/671
f 798/577/673 795/578/671 797/580/672
f 799/579/674 795/578/671 798/577/673
f 800/569/675 801/567/585 802/570/676
f 800/569/675 803/568/677 801/567/585
f 804/657/678 805/658/679 806/659/680
f 804/657/678 806/659/680 807/660/681
f 804/657/678 807/660/681 808/661/682
f 809/662/683 804/657/678 808/661/682
f 809/662/683 808/661/682 810/663/684
f 809/662/683 810/663/684 811/664/685
f 809/662/683 811/664/685 812/665/686
f 812/665/686 811/664/685 813/666/687
f 813/666/687 814/667/688 812/665/686
f 815/668/689 814/667/688 813/666/687
f 815/668/689 816/669/690 814/667/688
f 817/670/691 816/669/690 815/668/689
f 818/671/692 816/669/690 817/670/691
f 819/672/693 816/669/690 818/671/692
f 819/672/693 820/673/694 816/669/690
f 821/674/695 816/669/690 820/673/694
f 822/675/1 821/674/695 820/673/694
f 822/675/1 823/676/3 821/674/695
f 824/644/696 825/643/531 826/642/668
f 827/645/561 824/644/696 826/642/668
f 827/645/561 826/642/668 828/646/697
f 828/646/697 829/647/698 827/645/561
f 828/646/697 830/648/571 829/647/698
f 830/648/571 828/646/697 831/649/699
f 828/646/697 826/642/668 831/649/699
f 832/650/700 831/649/699 826/642/668
f 833/651/572 831/649/699 832/650/700
f 833/651/572 830/648/571 831/649/699
f 834/677/585 833/651/572 832/650/700
f 835/678/701 836/679/702 837/680/703
f 837/680/703 836/679/702 838/681/704
f 836/679/702 839/682/705 838/681/704
f 838/681/704 839/682/705 840/683/706
f 839/682/705 841/684/707 840/683/706
f 838/681/704 840/683/706 842/685/630
f 840/683/706 843/686/708 842/685/630
f 841/684/707 844/687/709 840/683/706
f 845/688/710 843/686/708 840/683/706
f 840/683/706 844/687/709 845/688/710
f 846/689/711 843/686/708 845/688/710
f 847/690/712 846/689/711 845/688/710
f 848/691/713 845/688/710 844/687/709
f 848/691/713 847/690/712 845/688/710
f 849/692/714 848/691/713 844/687/709
f 850/688/713 851/693/715 852/689/712
f 853/694/716 851/693/715 850/688/713
f 854/695/717 851/693/715 853/694/716
f 850/688/713 855/687/714 853/694/716
f 853/694/716 855/687/714 856/696/718
f 856/696/718 857/697/719 853/694/716
f 858/698/720 853/694/716 857/697/719
f 854/695/717 853/694/716 858/698/720
f 859/699/721 858/698/720 857/697/719
f 858/698/720 859/699/721 860/700/722
f 860/700/722 859/699/721 861/701/723
f 862/702/724 863/703/725 864/704/726
f 863/703/725 865/705/727 864/704/726
f 865/705/727 866/706/728 864/704/726
f 865/705/727 867/707/729 866/706/728
f 868/708/730 866/706/728 867/707/729
f 868/708/730 869/709/731 866/706/728
f 870/710/732 871/711/733 872/712/734
f 872/712/734 871/711/733 873/713/735
f 873/713/735 871/711/733 874/714/736
f 873/713/735 874/714/736 875/715/737
f 876/716/627 877/717/630 878/718/738
f 879/719/704 877/717/630 876/716/627
f 880/720/739 879/719/704 876/716/627
f 880/720/739 876/716/627 881/721/740
f 881/721/740 882/722/594 880/720/739
f 881/721/740 883/723/592 882/722/594
f 884/724/741 885/725/742 886/726/743
f 884/724/741 887/727/744 885/725/742
f 884/724/741 888/728/745 887/727/744
f 888/728/745 889/729/746 887/727/744
f 889/729/746 888/728/745 890/730/747
f 888/728/745 891/731/748 890/730/747
f 892/732/749 893/733/674 894/723/673
f 895/720/722 893/733/674 892/732/749
f 893/733/674 895/720/722 896/734/750
f 896/734/750 897/735/671 893/733/674
f 898/736/751 897/735/671 896/734/750
f 896/734/750 899/737/752 898/736/751
f 896/734/750 900/738/753 899/737/752
f 895/720/722 901/739/754 896/734/750
f 901/739/754 900/738/753 896/734/750
f 895/720/722 892/732/749 902/740/755
f 902/740/755 903/719/720 895/720/722
f 903/719/720 902/740/755 904/717/717
f 905/718/756 902/740/755 892/732/749
f 904/717/717 902/740/755 905/718/756
f 906/741/451 905/718/756 892/732/749
f 904/717/717 905/718/756 907/742/643
f 908/743/757 909/744/758 910/745/610
f 911/746/759 909/744/758 908/743/757
f 911/746/759 912/747/760 909/744/758
f 913/748/761 911/746/759 908/743/757
f 914/749/762 912/747/760 911/746/759
f 915/750/763 914/749/762 911/746/759
f 915/750/763 911/746/759 913/748/761
f 916/751/764 915/750/763 913/748/761
f 917/752/765 914/749/762 915/750/763
f 918/753/766 915/750/763 916/751/764
f 918/753/766 919/754/767 915/750/763
f 919/754/767 917/752/765 915/750/763
f 920/755/768 921/756/769 922/757/770
f 920/755/768 922/757/770 923/758/771
f 923/758/771 922/757/770 924/759/772
f 923/758/771 924/759/772 925/760/773
f 925/760/773 924/759/772 926/761/774
f 925/760/773 926/761/774 927/762/732
f 927/762/732 926/761/774 928/763/733
f 929/764/775 925/760/773 927/762/732
f 930/515/533 931/513/776 932/516/777
f 933/517/541 930/515/533 932/516/777
f 932/516/777 934/765/778 933/517/541
f 933/517/541 934/765/778 935/519/10
f 934/765/778 936/766/11 935/519/10
f 937/767/416 938/768/366 939/769/779
f 939/769/779 938/768/366 940/770/780
f 941/771/367 940/770/780 938/768/366
f 940/770/780 941/771/367 942/772/781
f 940/770/780 942/772/781 943/773/782
f 943/773/782 942/772/781 944/774/783
f 943/773/782 944/774/783 945/775/784
f 946/776/785 947/777/786 948/778/787
f 948/778/787 947/777/786 949/779/788
f 949/779/788 947/777/786 950/780/789
f 950/780/789 947/777/786 951/781/790
f 950/780/789 951/781/790 952/782/791
f 952/782/791 951/781/790 953/783/792
f 953/783/792 954/784/793 952/782/791
f 955/785/794 954/784/793 953/783/792
f 955/785/794 956/786/795 954/784/793
f 957/787/796 956/786/795 955/785/794
f 957/787/796 958/788/797 956/786/795
f 959/789/798 958/788/797 957/787/796
f 960/790/799 958/788/797 959/789/798
f 960/790/799 961/791/800 958/788/797
f 962/792/801 961/791/800 960/790/799
f 963/793/802 964/794/803 965/795/804
f 966/796/805 963/793/802 965/795/804
f 966/796/805 965/795/804 967/797/806
f 967/797/806 965/795/804 968/798/807
f 968/798/807 969/799/793 967/797/806
f 967/797/806 969/799/793 970/800/808
f 969/799/793 971/801/809 970/800/808
f 972/802/795 971/801/809 969/799/793
f 973/794/810 974/796/811 975/793/809
f 976/803/797 974/796/811 973/794/810
f 976/803/797 977/797/812 974/796/811
f 978/798/800 977/797/812 976/803/797
f 977/797/812 978/798/800 979/804/813
f 979/804/813 978/798/800 980/805/803
f 981/806/814 982/807/815 983/808/816
f 983/808/816 982/807/815 984/809/817
f 983/808/816 984/809/817 985/810/818
f 985/810/818 984/809/817 986/811/819
f 985/810/818 986/811/819 987/812/820
f 987/812/820 986/811/819 988/813/821
f 987/812/820 988/813/821 989/814/822
f 989/814/822 988/813/821 990/815/823
f 990/815/823 991/816/824 989/814/822
f 992/817/825 991/816/824 990/815/823
f 992/817/825 993/818/826 991/816/824
f 994/819/827 993/818/826 992/817/825
f 994/819/827 995/820/828 993/818/826
f 994/819/827 996/821/815 995/820/828
f 995/820/828 996/821/815 997/822/814
f 998/794/829 999/803/819 1000/793/830
f 1000/793/830 999/803/819 1001/796/831
f 1001/796/831 999/803/819 1002/797/832
f 999/803/819 1003/798/833 1002/797/832
f 1003/798/833 1004/823/815 1002/797/832
f 1002/797/832 1004/823/815 1005/824/834
f 1006/801/835 1007/799/823 1008/802/836
f 1009/800/837 1007/799/823 1006/801/835
f 1009/800/837 1010/797/838 1007/799/823
f 1007/799/823 1010/797/838 1011/798/839
f 1010/797/838 1012/796/840 1011/798/839
f 1011/798/839 1012/796/840 1013/795/827
f 1012/796/840 1014/793/834 1013/795/827
f 1013/795/827 1014/793/834 1015/794/815
f 1016/825/841 1017/826/842 1018/827/843
f 1017/826/842 1019/828/844 1018/827/843
f 1017/826/842 1020/829/845 1019/828/844
f 1021/830/846 1020/829/845 1017/826/842
f 1020/829/845 1021/830/846 1022/831/847
f 1021/830/846 1023/832/848 1022/831/847
f 1024/833/849 1025/834/850 1026/835/851
f 1026/835/851 1025/834/850 1027/836/852
f 1026/835/851 1027/836/852 1028/837/853
f 1025/834/850 1029/838/854 1027/836/852
f 1025/834/850 1030/839/855 1029/838/854
f 1024/833/849 1026/835/851 1031/834/856
f 1026/835/851 1032/836/853 1031/834/856
f 1031/834/856 1032/836/853 1033/838/857
f 1034/839/858 1031/834/856 1033/838/857
f 1035/840/859 1036/841/860 1037/842/859
f 1038/843/861 1036/841/860 1035/840/859
f 1036/841/860 1038/843/861 1039/844/862
f 1039/844/862 1038/843/861 1040/845/862
f 1041/835/863 1042/834/864 1043/833/865
f 1041/835/863 1044/836/866 1042/834/864
f 1045/837/867 1044/836/866 1041/835/863
f 1044/836/866 1046/838/868 1042/834/864
f 1046/838/868 1047/839/869 1042/834/864
f 1048/834/870 1041/835/863 1043/833/865
f 1048/834/870 1049/836/871 1041/835/863
f 1050/838/872 1049/836/871 1048/834/870
f 1050/838/872 1048/834/870 1051/839/873
f 1052/842/874 1053/841/875 1054/840/874
f 1054/840/874 1053/841/875 1055/843/876
f 1056/844/877 1055/843/876 1053/841/875
f 1057/845/877 1055/843/876 1056/844/877
f 1058/284/878 1059/283/878 1060/282/879
f 1060/282/879 1059/283/878 1061/285/880
f 1060/282/879 1061/285/880 1062/286/881
f 1062/286/881 1061/285/880 1063/287/882
s 0
f 1064/846/883 1065/847/883 1066/848/883
f 1066/848/883 1065/847/883 1067/849/883
f 1068/849/884 1069/847/884 1070/848/884
f 1070/848/884 1069/847/884 1071/846/884
f 1072/849/883 1073/847/883 1074/848/883
f 1074/848/883 1073/847/883 1075/846/883
f 1076/846/884 1077/847/884 1078/848/884
f 1078/848/884 1077/847/884 1079/849/884
s 1
f 1080/850/885 1081/851/305 1082/852/300
f 1083/853/886 1080/850/885 1082/852/300
f 1084/854/887 1080/850/885 1083/853/886
f 1083/853/886 1082/852/300 1085/855/888
f 1084/854/887 1083/853/886 1086/856/889
f 1086/856/889 1083/853/886 1087/857/890
f 1083/853/886 1085/855/888 1087/857/890
f 1087/857/890 1085/855/888 1088/858/891
f 1087/857/890 1089/859/314 1086/856/889
f 1090/860/892 1089/859/314 1087/857/890
f 1087/857/890 1088/858/891 1090/860/892
f 1090/860/892 1088/858/891 1091/861/893
f 1090/860/892 1091/861/893 1092/862/894
f 1089/859/314 1090/860/892 1092/862/894
f 1092/862/894 1091/861/893 1093/863/895
f 1092/862/894 1093/863/895 1094/864/896
f 1095/865/783 1096/866/897 1097/867/898
f 1096/866/897 1098/868/899 1097/867/898
f 1098/868/899 1099/869/900 1097/867/898
f 1098/868/899 1100/870/901 1099/869/900
f 1099/869/900 1101/871/902 1097/867/898
f 1102/872/903 1099/869/900 1100/870/901
f 1103/873/904 1099/869/900 1102/872/903
f 1103/873/904 1101/871/902 1099/869/900
f 1103/873/904 1104/874/780 1101/871/902
f 1105/875/905 1103/873/904 1102/872/903
f 1106/876/906 1103/873/904 1105/875/905
f 1106/876/906 1104/874/780 1103/873/904
f 1105/875/905 1107/877/907 1106/876/906
f 1106/876/906 1107/877/907 1104/874/780
f 1104/874/780 1107/877/907 1108/878/779
f 1109/879/405 1107/877/907 1105/875/905
f 1108/878/779 1107/877/907 1110/880/416
f 1109/879/405 1111/881/406 1107/877/907
f 1107/877/907 1112/882/415 1110/880/416
f 1111/881/406 1112/882/415 1107/877/907
f 1113/883/908 1114/884/909 1115/885/552
f 1116/886/563 1114/884/909 1113/883/908
f 1117/887/555 1113/883/908 1115/885/552
f 1118/888/910 1113/883/908 1117/887/555
f 1118/888/910 1116/886/563 1113/883/908
f 1119/889/911 1116/886/563 1118/888/910
f 1117/887/555 1120/890/558 1118/888/910
f 1118/888/910 1120/890/558 1119/889/911
f 1121/734/912 1122/722/913 880/720/739
f 1123/735/914 1122/722/913 1121/734/912
f 1123/735/914 1121/734/912 1124/736/915
f 1125/739/594 1121/734/912 880/720/739
f 1124/736/915 1121/734/912 1126/737/916
f 1121/734/912 1127/738/917 1126/737/916
f 1125/739/594 1127/738/917 1121/734/912
f 1128/891/371 1129/892/918 1130/893/372
f 1128/891/371 1131/894/370 1129/892/918
f 1132/895/919 1130/893/372 1129/892/918
f 1133/896/920 1129/892/918 1131/894/370
f 1134/897/921 1129/892/918 1133/896/920
f 1134/897/921 1132/895/919 1129/892/918
f 1135/898/922 1136/899/923 1137/900/924
f 1135/898/922 1138/901/925 1136/899/923
f 1137/900/924 1136/899/923 1139/902/926
f 1138/901/925 1140/903/927 1136/899/923
f 1141/904/928 1139/902/926 1136/899/923
f 1141/904/928 1136/899/923 1142/905/929
f 1140/903/927 1142/905/929 1136/899/923
f 1143/906/930 1144/907/835 1145/908/931
f 1143/906/930 1146/909/837 1144/907/835
f 1145/908/931 1147/910/932 1143/906/930
f 1146/909/837 1143/906/930 1148/911/933
f 1147/910/932 1149/912/934 1143/906/930
f 1150/913/935 1143/906/930 1149/912/934
f 1148/911/933 1143/906/930 1150/913/935
f 1151/913/805 1152/914/936 1153/906/937
f 1152/914/936 1154/915/938 1153/906/937
f 1153/906/937 1155/912/813 1151/913/805
f 1156/916/809 1153/906/937 1154/915/938
f 1153/906/937 1157/910/812 1155/912/813
f 1158/908/939 1153/906/937 1156/916/809
f 1157/910/812 1153/906/937 1158/908/939
f 1159/917/268 1160/918/940 1161/919/269
f 1161/919/269 1160/918/940 1162/920/260
f 1162/920/260 1160/918/940 1163/921/941
f 1162/920/260 1163/921/941 1164/922/942
f 1160/918/940 1165/923/943 1163/921/941
f 1165/923/943 1160/918/940 1159/917/268
f 1163/921/941 1165/923/943 1166/924/944
f 1159/917/268 1166/924/944 1165/923/943
f 1167/925/945 1166/924/944 1159/917/268
f 1163/921/941 1166/924/944 1168/926/946
f 1164/922/942 1163/921/941 1168/926/946
f 1164/922/942 1168/926/946 1169/927/947
f 1167/925/945 1170/928/948 1166/924/944
f 1169/927/947 1168/926/946 1170/928/948
f 1168/926/946 1166/924/944 1170/928/948
f 1169/927/947 1170/928/948 1167/925/945
f 1171/919/949 1172/918/950 1173/917/951
f 1174/920/230 1172/918/950 1171/919/949
f 1175/921/952 1172/918/950 1174/920/230
f 1176/922/953 1175/921/952 1174/920/230
f 1175/921/952 1177/923/954 1172/918/950
f 1173/917/951 1172/918/950 1177/923/954
f 1178/924/955 1177/923/954 1175/921/952
f 1177/923/954 1178/924/955 1173/917/951
f 1173/917/951 1178/924/955 1179/925/956
f 1180/926/957 1178/924/955 1175/921/952
f 1180/926/957 1175/921/952 1176/922/953
f 1181/927/958 1180/926/957 1176/922/953
f 1182/928/959 1178/924/955 1180/926/957
f 1182/928/959 1180/926/957 1181/927/958
f 1179/925/956 1182/928/959 1181/927/958
f 1178/924/955 1182/928/959 1179/925/956
